ISO-10303-21;
HEADER;
FILE_DESCRIPTION(('dsim robot-import fixture'),'2;1');
FILE_NAME('robot.step','2026-10-01T00:00:00',(''),(''),'dsim','dsim','');
FILE_SCHEMA(('AUTOMOTIVE_DESIGN { 1 0 10303 214 1 1 1 1 }'));
ENDSEC;
DATA;
#1=APPLICATION_CONTEXT('automotive design');
#2=APPLICATION_PROTOCOL_DEFINITION('international standard','automotive_design',2000,#1);
#3=PRODUCT_CONTEXT('',#1,'mechanical');
#4=PRODUCT('robot','robot','',(#3));
#5=PRODUCT_DEFINITION_FORMATION('','',#4);
#6=PRODUCT_DEFINITION_CONTEXT('part definition',#1,'design');
#7=PRODUCT_DEFINITION('design','',#5,#6);
#8=PRODUCT_DEFINITION_SHAPE('','',#7);
#9=(LENGTH_UNIT()NAMED_UNIT(*)SI_UNIT(.MILLI.,.METRE.));
#10=(NAMED_UNIT(*)PLANE_ANGLE_UNIT()SI_UNIT($,.RADIAN.));
#11=(NAMED_UNIT(*)SI_UNIT($,.STERADIAN.)SOLID_ANGLE_UNIT());
#12=UNCERTAINTY_MEASURE_WITH_UNIT(LENGTH_MEASURE(1.E-07),#9,'distance_accuracy_value','confusion accuracy');
#13=(GEOMETRIC_REPRESENTATION_CONTEXT(3)GLOBAL_UNCERTAINTY_ASSIGNED_CONTEXT((#12))GLOBAL_UNIT_ASSIGNED_CONTEXT((#9,#10,#11))REPRESENTATION_CONTEXT('Context #1','3D Context with UNIT and UNCERTAINTY'));
#14=CARTESIAN_POINT('',(0.,0.,0.));
#15=DIRECTION('',(0.,0.,1.));
#16=DIRECTION('',(1.,0.,0.));
#17=AXIS2_PLACEMENT_3D('',#14,#15,#16);
#18=CARTESIAN_POINT('',(-160.02,203.2,30.48));
#19=VERTEX_POINT('',#18);
#20=CARTESIAN_POINT('',(-160.02,-203.2,30.48));
#21=VERTEX_POINT('',#20);
#22=CARTESIAN_POINT('',(160.02,-203.2,30.48));
#23=VERTEX_POINT('',#22);
#24=CARTESIAN_POINT('',(160.02,203.2,30.48));
#25=VERTEX_POINT('',#24);
#26=CARTESIAN_POINT('',(-160.02,203.2,43.18));
#27=VERTEX_POINT('',#26);
#28=CARTESIAN_POINT('',(-160.02,-203.2,43.18));
#29=VERTEX_POINT('',#28);
#30=CARTESIAN_POINT('',(160.02,-203.2,43.18));
#31=VERTEX_POINT('',#30);
#32=CARTESIAN_POINT('',(160.02,203.2,43.18));
#33=VERTEX_POINT('',#32);
#34=DIRECTION('',(0.,-1.,0.));
#35=VECTOR('',#34,406.4);
#36=LINE('',#26,#35);
#37=EDGE_CURVE('',#27,#29,#36,.T.);
#38=ORIENTED_EDGE('',*,*,#37,.T.);
#39=DIRECTION('',(1.,0.,0.));
#40=VECTOR('',#39,320.04);
#41=LINE('',#28,#40);
#42=EDGE_CURVE('',#29,#31,#41,.T.);
#43=ORIENTED_EDGE('',*,*,#42,.T.);
#44=DIRECTION('',(0.,1.,0.));
#45=VECTOR('',#44,406.4);
#46=LINE('',#30,#45);
#47=EDGE_CURVE('',#31,#33,#46,.T.);
#48=ORIENTED_EDGE('',*,*,#47,.T.);
#49=DIRECTION('',(1.,0.,0.));
#50=VECTOR('',#49,320.04);
#51=LINE('',#26,#50);
#52=EDGE_CURVE('',#27,#33,#51,.T.);
#53=ORIENTED_EDGE('',*,*,#52,.F.);
#54=EDGE_LOOP('',(#38,#43,#48,#53));
#55=FACE_OUTER_BOUND('',#54,.T.);
#56=DIRECTION('',(0.,0.,1.));
#57=DIRECTION('',(0.,-1.,0.));
#58=AXIS2_PLACEMENT_3D('',#26,#56,#57);
#59=PLANE('',#58);
#60=ADVANCED_FACE('',(#55),#59,.T.);
#61=DIRECTION('',(1.,0.,0.));
#62=VECTOR('',#61,320.04);
#63=LINE('',#18,#62);
#64=EDGE_CURVE('',#19,#25,#63,.T.);
#65=ORIENTED_EDGE('',*,*,#64,.T.);
#66=DIRECTION('',(0.,1.,0.));
#67=VECTOR('',#66,406.4);
#68=LINE('',#22,#67);
#69=EDGE_CURVE('',#23,#25,#68,.T.);
#70=ORIENTED_EDGE('',*,*,#69,.F.);
#71=DIRECTION('',(1.,0.,0.));
#72=VECTOR('',#71,320.04);
#73=LINE('',#20,#72);
#74=EDGE_CURVE('',#21,#23,#73,.T.);
#75=ORIENTED_EDGE('',*,*,#74,.F.);
#76=DIRECTION('',(0.,-1.,0.));
#77=VECTOR('',#76,406.4);
#78=LINE('',#18,#77);
#79=EDGE_CURVE('',#19,#21,#78,.T.);
#80=ORIENTED_EDGE('',*,*,#79,.F.);
#81=EDGE_LOOP('',(#65,#70,#75,#80));
#82=FACE_OUTER_BOUND('',#81,.T.);
#83=DIRECTION('',(0.,0.,-1.));
#84=DIRECTION('',(1.,0.,0.));
#85=AXIS2_PLACEMENT_3D('',#18,#83,#84);
#86=PLANE('',#85);
#87=ADVANCED_FACE('',(#82),#86,.T.);
#88=ORIENTED_EDGE('',*,*,#79,.T.);
#89=DIRECTION('',(0.,0.,1.));
#90=VECTOR('',#89,12.7);
#91=LINE('',#20,#90);
#92=EDGE_CURVE('',#21,#29,#91,.T.);
#93=ORIENTED_EDGE('',*,*,#92,.T.);
#94=ORIENTED_EDGE('',*,*,#37,.F.);
#95=DIRECTION('',(0.,0.,1.));
#96=VECTOR('',#95,12.7);
#97=LINE('',#18,#96);
#98=EDGE_CURVE('',#19,#27,#97,.T.);
#99=ORIENTED_EDGE('',*,*,#98,.F.);
#100=EDGE_LOOP('',(#88,#93,#94,#99));
#101=FACE_OUTER_BOUND('',#100,.T.);
#102=DIRECTION('',(-1.,0.,0.));
#103=DIRECTION('',(0.,-1.,0.));
#104=AXIS2_PLACEMENT_3D('',#18,#102,#103);
#105=PLANE('',#104);
#106=ADVANCED_FACE('',(#101),#105,.T.);
#107=ORIENTED_EDGE('',*,*,#74,.T.);
#108=DIRECTION('',(0.,0.,1.));
#109=VECTOR('',#108,12.7);
#110=LINE('',#22,#109);
#111=EDGE_CURVE('',#23,#31,#110,.T.);
#112=ORIENTED_EDGE('',*,*,#111,.T.);
#113=ORIENTED_EDGE('',*,*,#42,.F.);
#114=ORIENTED_EDGE('',*,*,#92,.F.);
#115=EDGE_LOOP('',(#107,#112,#113,#114));
#116=FACE_OUTER_BOUND('',#115,.T.);
#117=DIRECTION('',(0.,-1.,0.));
#118=DIRECTION('',(1.,0.,0.));
#119=AXIS2_PLACEMENT_3D('',#20,#117,#118);
#120=PLANE('',#119);
#121=ADVANCED_FACE('',(#116),#120,.T.);
#122=ORIENTED_EDGE('',*,*,#69,.T.);
#123=DIRECTION('',(0.,0.,1.));
#124=VECTOR('',#123,12.7);
#125=LINE('',#24,#124);
#126=EDGE_CURVE('',#25,#33,#125,.T.);
#127=ORIENTED_EDGE('',*,*,#126,.T.);
#128=ORIENTED_EDGE('',*,*,#47,.F.);
#129=ORIENTED_EDGE('',*,*,#111,.F.);
#130=EDGE_LOOP('',(#122,#127,#128,#129));
#131=FACE_OUTER_BOUND('',#130,.T.);
#132=DIRECTION('',(1.,0.,0.));
#133=DIRECTION('',(0.,1.,0.));
#134=AXIS2_PLACEMENT_3D('',#22,#132,#133);
#135=PLANE('',#134);
#136=ADVANCED_FACE('',(#131),#135,.T.);
#137=ORIENTED_EDGE('',*,*,#64,.F.);
#138=ORIENTED_EDGE('',*,*,#98,.T.);
#139=ORIENTED_EDGE('',*,*,#52,.T.);
#140=ORIENTED_EDGE('',*,*,#126,.F.);
#141=EDGE_LOOP('',(#137,#138,#139,#140));
#142=FACE_OUTER_BOUND('',#141,.T.);
#143=DIRECTION('',(0.,1.,0.));
#144=DIRECTION('',(-1.,0.,0.));
#145=AXIS2_PLACEMENT_3D('',#24,#143,#144);
#146=PLANE('',#145);
#147=ADVANCED_FACE('',(#142),#146,.T.);
#148=CLOSED_SHELL('',(#60,#87,#106,#121,#136,#147));
#149=MANIFOLD_SOLID_BREP('belly',#148);
#150=COLOUR_RGB('',0.72,0.73,0.75);
#151=FILL_AREA_STYLE_COLOUR('',#150);
#152=FILL_AREA_STYLE('',(#151));
#153=SURFACE_STYLE_FILL_AREA(#152);
#154=SURFACE_SIDE_STYLE('',(#153));
#155=SURFACE_STYLE_USAGE(.BOTH.,#154);
#156=PRESENTATION_STYLE_ASSIGNMENT((#155));
#157=STYLED_ITEM('color',(#156),#149);
#158=CARTESIAN_POINT('',(160.02,203.2,20.32));
#159=VERTEX_POINT('',#158);
#160=CARTESIAN_POINT('',(160.02,-203.2,20.32));
#161=VERTEX_POINT('',#160);
#162=CARTESIAN_POINT('',(177.8,-203.2,20.32));
#163=VERTEX_POINT('',#162);
#164=CARTESIAN_POINT('',(177.8,203.2,20.32));
#165=VERTEX_POINT('',#164);
#166=CARTESIAN_POINT('',(160.02,203.2,114.3));
#167=VERTEX_POINT('',#166);
#168=CARTESIAN_POINT('',(160.02,-203.2,114.3));
#169=VERTEX_POINT('',#168);
#170=CARTESIAN_POINT('',(177.8,-203.2,114.3));
#171=VERTEX_POINT('',#170);
#172=CARTESIAN_POINT('',(177.8,203.2,114.3));
#173=VERTEX_POINT('',#172);
#174=DIRECTION('',(0.,-1.,0.));
#175=VECTOR('',#174,406.4);
#176=LINE('',#166,#175);
#177=EDGE_CURVE('',#167,#169,#176,.T.);
#178=ORIENTED_EDGE('',*,*,#177,.T.);
#179=DIRECTION('',(1.,0.,0.));
#180=VECTOR('',#179,17.78);
#181=LINE('',#168,#180);
#182=EDGE_CURVE('',#169,#171,#181,.T.);
#183=ORIENTED_EDGE('',*,*,#182,.T.);
#184=DIRECTION('',(0.,1.,0.));
#185=VECTOR('',#184,406.4);
#186=LINE('',#170,#185);
#187=EDGE_CURVE('',#171,#173,#186,.T.);
#188=ORIENTED_EDGE('',*,*,#187,.T.);
#189=DIRECTION('',(1.,0.,0.));
#190=VECTOR('',#189,17.78);
#191=LINE('',#166,#190);
#192=EDGE_CURVE('',#167,#173,#191,.T.);
#193=ORIENTED_EDGE('',*,*,#192,.F.);
#194=EDGE_LOOP('',(#178,#183,#188,#193));
#195=FACE_OUTER_BOUND('',#194,.T.);
#196=DIRECTION('',(0.,0.,1.));
#197=DIRECTION('',(0.,-1.,0.));
#198=AXIS2_PLACEMENT_3D('',#166,#196,#197);
#199=PLANE('',#198);
#200=ADVANCED_FACE('',(#195),#199,.T.);
#201=DIRECTION('',(1.,0.,0.));
#202=VECTOR('',#201,17.78);
#203=LINE('',#158,#202);
#204=EDGE_CURVE('',#159,#165,#203,.T.);
#205=ORIENTED_EDGE('',*,*,#204,.T.);
#206=DIRECTION('',(0.,1.,0.));
#207=VECTOR('',#206,406.4);
#208=LINE('',#162,#207);
#209=EDGE_CURVE('',#163,#165,#208,.T.);
#210=ORIENTED_EDGE('',*,*,#209,.F.);
#211=DIRECTION('',(1.,0.,0.));
#212=VECTOR('',#211,17.78);
#213=LINE('',#160,#212);
#214=EDGE_CURVE('',#161,#163,#213,.T.);
#215=ORIENTED_EDGE('',*,*,#214,.F.);
#216=DIRECTION('',(0.,-1.,0.));
#217=VECTOR('',#216,406.4);
#218=LINE('',#158,#217);
#219=EDGE_CURVE('',#159,#161,#218,.T.);
#220=ORIENTED_EDGE('',*,*,#219,.F.);
#221=EDGE_LOOP('',(#205,#210,#215,#220));
#222=FACE_OUTER_BOUND('',#221,.T.);
#223=DIRECTION('',(0.,0.,-1.));
#224=DIRECTION('',(1.,0.,0.));
#225=AXIS2_PLACEMENT_3D('',#158,#223,#224);
#226=PLANE('',#225);
#227=ADVANCED_FACE('',(#222),#226,.T.);
#228=ORIENTED_EDGE('',*,*,#219,.T.);
#229=DIRECTION('',(0.,0.,1.));
#230=VECTOR('',#229,93.98);
#231=LINE('',#160,#230);
#232=EDGE_CURVE('',#161,#169,#231,.T.);
#233=ORIENTED_EDGE('',*,*,#232,.T.);
#234=ORIENTED_EDGE('',*,*,#177,.F.);
#235=DIRECTION('',(0.,0.,1.));
#236=VECTOR('',#235,93.98);
#237=LINE('',#158,#236);
#238=EDGE_CURVE('',#159,#167,#237,.T.);
#239=ORIENTED_EDGE('',*,*,#238,.F.);
#240=EDGE_LOOP('',(#228,#233,#234,#239));
#241=FACE_OUTER_BOUND('',#240,.T.);
#242=DIRECTION('',(-1.,0.,0.));
#243=DIRECTION('',(0.,-1.,0.));
#244=AXIS2_PLACEMENT_3D('',#158,#242,#243);
#245=PLANE('',#244);
#246=ADVANCED_FACE('',(#241),#245,.T.);
#247=ORIENTED_EDGE('',*,*,#214,.T.);
#248=DIRECTION('',(0.,0.,1.));
#249=VECTOR('',#248,93.98);
#250=LINE('',#162,#249);
#251=EDGE_CURVE('',#163,#171,#250,.T.);
#252=ORIENTED_EDGE('',*,*,#251,.T.);
#253=ORIENTED_EDGE('',*,*,#182,.F.);
#254=ORIENTED_EDGE('',*,*,#232,.F.);
#255=EDGE_LOOP('',(#247,#252,#253,#254));
#256=FACE_OUTER_BOUND('',#255,.T.);
#257=DIRECTION('',(0.,-1.,0.));
#258=DIRECTION('',(1.,0.,0.));
#259=AXIS2_PLACEMENT_3D('',#160,#257,#258);
#260=PLANE('',#259);
#261=ADVANCED_FACE('',(#256),#260,.T.);
#262=ORIENTED_EDGE('',*,*,#209,.T.);
#263=DIRECTION('',(0.,0.,1.));
#264=VECTOR('',#263,93.98);
#265=LINE('',#164,#264);
#266=EDGE_CURVE('',#165,#173,#265,.T.);
#267=ORIENTED_EDGE('',*,*,#266,.T.);
#268=ORIENTED_EDGE('',*,*,#187,.F.);
#269=ORIENTED_EDGE('',*,*,#251,.F.);
#270=EDGE_LOOP('',(#262,#267,#268,#269));
#271=FACE_OUTER_BOUND('',#270,.T.);
#272=DIRECTION('',(1.,0.,0.));
#273=DIRECTION('',(0.,1.,0.));
#274=AXIS2_PLACEMENT_3D('',#162,#272,#273);
#275=PLANE('',#274);
#276=ADVANCED_FACE('',(#271),#275,.T.);
#277=ORIENTED_EDGE('',*,*,#204,.F.);
#278=ORIENTED_EDGE('',*,*,#238,.T.);
#279=ORIENTED_EDGE('',*,*,#192,.T.);
#280=ORIENTED_EDGE('',*,*,#266,.F.);
#281=EDGE_LOOP('',(#277,#278,#279,#280));
#282=FACE_OUTER_BOUND('',#281,.T.);
#283=DIRECTION('',(0.,1.,0.));
#284=DIRECTION('',(-1.,0.,0.));
#285=AXIS2_PLACEMENT_3D('',#164,#283,#284);
#286=PLANE('',#285);
#287=ADVANCED_FACE('',(#282),#286,.T.);
#288=CLOSED_SHELL('',(#200,#227,#246,#261,#276,#287));
#289=MANIFOLD_SOLID_BREP('rail_left',#288);
#290=COLOUR_RGB('',0.18,0.19,0.21);
#291=FILL_AREA_STYLE_COLOUR('',#290);
#292=FILL_AREA_STYLE('',(#291));
#293=SURFACE_STYLE_FILL_AREA(#292);
#294=SURFACE_SIDE_STYLE('',(#293));
#295=SURFACE_STYLE_USAGE(.BOTH.,#294);
#296=PRESENTATION_STYLE_ASSIGNMENT((#295));
#297=STYLED_ITEM('color',(#296),#289);
#298=CARTESIAN_POINT('',(-177.8,203.2,20.32));
#299=VERTEX_POINT('',#298);
#300=CARTESIAN_POINT('',(-177.8,-203.2,20.32));
#301=VERTEX_POINT('',#300);
#302=CARTESIAN_POINT('',(-160.02,-203.2,20.32));
#303=VERTEX_POINT('',#302);
#304=CARTESIAN_POINT('',(-160.02,203.2,20.32));
#305=VERTEX_POINT('',#304);
#306=CARTESIAN_POINT('',(-177.8,203.2,114.3));
#307=VERTEX_POINT('',#306);
#308=CARTESIAN_POINT('',(-177.8,-203.2,114.3));
#309=VERTEX_POINT('',#308);
#310=CARTESIAN_POINT('',(-160.02,-203.2,114.3));
#311=VERTEX_POINT('',#310);
#312=CARTESIAN_POINT('',(-160.02,203.2,114.3));
#313=VERTEX_POINT('',#312);
#314=DIRECTION('',(0.,-1.,0.));
#315=VECTOR('',#314,406.4);
#316=LINE('',#306,#315);
#317=EDGE_CURVE('',#307,#309,#316,.T.);
#318=ORIENTED_EDGE('',*,*,#317,.T.);
#319=DIRECTION('',(1.,0.,0.));
#320=VECTOR('',#319,17.78);
#321=LINE('',#308,#320);
#322=EDGE_CURVE('',#309,#311,#321,.T.);
#323=ORIENTED_EDGE('',*,*,#322,.T.);
#324=DIRECTION('',(0.,1.,0.));
#325=VECTOR('',#324,406.4);
#326=LINE('',#310,#325);
#327=EDGE_CURVE('',#311,#313,#326,.T.);
#328=ORIENTED_EDGE('',*,*,#327,.T.);
#329=DIRECTION('',(1.,0.,0.));
#330=VECTOR('',#329,17.78);
#331=LINE('',#306,#330);
#332=EDGE_CURVE('',#307,#313,#331,.T.);
#333=ORIENTED_EDGE('',*,*,#332,.F.);
#334=EDGE_LOOP('',(#318,#323,#328,#333));
#335=FACE_OUTER_BOUND('',#334,.T.);
#336=DIRECTION('',(0.,0.,1.));
#337=DIRECTION('',(0.,-1.,0.));
#338=AXIS2_PLACEMENT_3D('',#306,#336,#337);
#339=PLANE('',#338);
#340=ADVANCED_FACE('',(#335),#339,.T.);
#341=DIRECTION('',(1.,0.,0.));
#342=VECTOR('',#341,17.78);
#343=LINE('',#298,#342);
#344=EDGE_CURVE('',#299,#305,#343,.T.);
#345=ORIENTED_EDGE('',*,*,#344,.T.);
#346=DIRECTION('',(0.,1.,0.));
#347=VECTOR('',#346,406.4);
#348=LINE('',#302,#347);
#349=EDGE_CURVE('',#303,#305,#348,.T.);
#350=ORIENTED_EDGE('',*,*,#349,.F.);
#351=DIRECTION('',(1.,0.,0.));
#352=VECTOR('',#351,17.78);
#353=LINE('',#300,#352);
#354=EDGE_CURVE('',#301,#303,#353,.T.);
#355=ORIENTED_EDGE('',*,*,#354,.F.);
#356=DIRECTION('',(0.,-1.,0.));
#357=VECTOR('',#356,406.4);
#358=LINE('',#298,#357);
#359=EDGE_CURVE('',#299,#301,#358,.T.);
#360=ORIENTED_EDGE('',*,*,#359,.F.);
#361=EDGE_LOOP('',(#345,#350,#355,#360));
#362=FACE_OUTER_BOUND('',#361,.T.);
#363=DIRECTION('',(0.,0.,-1.));
#364=DIRECTION('',(1.,0.,0.));
#365=AXIS2_PLACEMENT_3D('',#298,#363,#364);
#366=PLANE('',#365);
#367=ADVANCED_FACE('',(#362),#366,.T.);
#368=ORIENTED_EDGE('',*,*,#359,.T.);
#369=DIRECTION('',(0.,0.,1.));
#370=VECTOR('',#369,93.98);
#371=LINE('',#300,#370);
#372=EDGE_CURVE('',#301,#309,#371,.T.);
#373=ORIENTED_EDGE('',*,*,#372,.T.);
#374=ORIENTED_EDGE('',*,*,#317,.F.);
#375=DIRECTION('',(0.,0.,1.));
#376=VECTOR('',#375,93.98);
#377=LINE('',#298,#376);
#378=EDGE_CURVE('',#299,#307,#377,.T.);
#379=ORIENTED_EDGE('',*,*,#378,.F.);
#380=EDGE_LOOP('',(#368,#373,#374,#379));
#381=FACE_OUTER_BOUND('',#380,.T.);
#382=DIRECTION('',(-1.,0.,0.));
#383=DIRECTION('',(0.,-1.,0.));
#384=AXIS2_PLACEMENT_3D('',#298,#382,#383);
#385=PLANE('',#384);
#386=ADVANCED_FACE('',(#381),#385,.T.);
#387=ORIENTED_EDGE('',*,*,#354,.T.);
#388=DIRECTION('',(0.,0.,1.));
#389=VECTOR('',#388,93.98);
#390=LINE('',#302,#389);
#391=EDGE_CURVE('',#303,#311,#390,.T.);
#392=ORIENTED_EDGE('',*,*,#391,.T.);
#393=ORIENTED_EDGE('',*,*,#322,.F.);
#394=ORIENTED_EDGE('',*,*,#372,.F.);
#395=EDGE_LOOP('',(#387,#392,#393,#394));
#396=FACE_OUTER_BOUND('',#395,.T.);
#397=DIRECTION('',(0.,-1.,0.));
#398=DIRECTION('',(1.,0.,0.));
#399=AXIS2_PLACEMENT_3D('',#300,#397,#398);
#400=PLANE('',#399);
#401=ADVANCED_FACE('',(#396),#400,.T.);
#402=ORIENTED_EDGE('',*,*,#349,.T.);
#403=DIRECTION('',(0.,0.,1.));
#404=VECTOR('',#403,93.98);
#405=LINE('',#304,#404);
#406=EDGE_CURVE('',#305,#313,#405,.T.);
#407=ORIENTED_EDGE('',*,*,#406,.T.);
#408=ORIENTED_EDGE('',*,*,#327,.F.);
#409=ORIENTED_EDGE('',*,*,#391,.F.);
#410=EDGE_LOOP('',(#402,#407,#408,#409));
#411=FACE_OUTER_BOUND('',#410,.T.);
#412=DIRECTION('',(1.,0.,0.));
#413=DIRECTION('',(0.,1.,0.));
#414=AXIS2_PLACEMENT_3D('',#302,#412,#413);
#415=PLANE('',#414);
#416=ADVANCED_FACE('',(#411),#415,.T.);
#417=ORIENTED_EDGE('',*,*,#344,.F.);
#418=ORIENTED_EDGE('',*,*,#378,.T.);
#419=ORIENTED_EDGE('',*,*,#332,.T.);
#420=ORIENTED_EDGE('',*,*,#406,.F.);
#421=EDGE_LOOP('',(#417,#418,#419,#420));
#422=FACE_OUTER_BOUND('',#421,.T.);
#423=DIRECTION('',(0.,1.,0.));
#424=DIRECTION('',(-1.,0.,0.));
#425=AXIS2_PLACEMENT_3D('',#304,#423,#424);
#426=PLANE('',#425);
#427=ADVANCED_FACE('',(#422),#426,.T.);
#428=CLOSED_SHELL('',(#340,#367,#386,#401,#416,#427));
#429=MANIFOLD_SOLID_BREP('rail_right',#428);
#430=COLOUR_RGB('',0.18,0.19,0.21);
#431=FILL_AREA_STYLE_COLOUR('',#430);
#432=FILL_AREA_STYLE('',(#431));
#433=SURFACE_STYLE_FILL_AREA(#432);
#434=SURFACE_SIDE_STYLE('',(#433));
#435=SURFACE_STYLE_USAGE(.BOTH.,#434);
#436=PRESENTATION_STYLE_ASSIGNMENT((#435));
#437=STYLED_ITEM('color',(#436),#429);
#438=CARTESIAN_POINT('',(-76.2,101.6,43.18));
#439=VERTEX_POINT('',#438);
#440=CARTESIAN_POINT('',(-76.2,0.,43.18));
#441=VERTEX_POINT('',#440);
#442=CARTESIAN_POINT('',(76.2,0.,43.18));
#443=VERTEX_POINT('',#442);
#444=CARTESIAN_POINT('',(76.2,101.6,43.18));
#445=VERTEX_POINT('',#444);
#446=CARTESIAN_POINT('',(-76.2,101.6,381.));
#447=VERTEX_POINT('',#446);
#448=CARTESIAN_POINT('',(-76.2,0.,381.));
#449=VERTEX_POINT('',#448);
#450=CARTESIAN_POINT('',(76.2,0.,381.));
#451=VERTEX_POINT('',#450);
#452=CARTESIAN_POINT('',(76.2,101.6,381.));
#453=VERTEX_POINT('',#452);
#454=DIRECTION('',(0.,-1.,0.));
#455=VECTOR('',#454,101.6);
#456=LINE('',#446,#455);
#457=EDGE_CURVE('',#447,#449,#456,.T.);
#458=ORIENTED_EDGE('',*,*,#457,.T.);
#459=DIRECTION('',(1.,0.,0.));
#460=VECTOR('',#459,152.4);
#461=LINE('',#448,#460);
#462=EDGE_CURVE('',#449,#451,#461,.T.);
#463=ORIENTED_EDGE('',*,*,#462,.T.);
#464=DIRECTION('',(0.,1.,0.));
#465=VECTOR('',#464,101.6);
#466=LINE('',#450,#465);
#467=EDGE_CURVE('',#451,#453,#466,.T.);
#468=ORIENTED_EDGE('',*,*,#467,.T.);
#469=DIRECTION('',(1.,0.,0.));
#470=VECTOR('',#469,152.4);
#471=LINE('',#446,#470);
#472=EDGE_CURVE('',#447,#453,#471,.T.);
#473=ORIENTED_EDGE('',*,*,#472,.F.);
#474=EDGE_LOOP('',(#458,#463,#468,#473));
#475=FACE_OUTER_BOUND('',#474,.T.);
#476=DIRECTION('',(0.,0.,1.));
#477=DIRECTION('',(0.,-1.,0.));
#478=AXIS2_PLACEMENT_3D('',#446,#476,#477);
#479=PLANE('',#478);
#480=ADVANCED_FACE('',(#475),#479,.T.);
#481=DIRECTION('',(1.,0.,0.));
#482=VECTOR('',#481,152.4);
#483=LINE('',#438,#482);
#484=EDGE_CURVE('',#439,#445,#483,.T.);
#485=ORIENTED_EDGE('',*,*,#484,.T.);
#486=DIRECTION('',(0.,1.,0.));
#487=VECTOR('',#486,101.6);
#488=LINE('',#442,#487);
#489=EDGE_CURVE('',#443,#445,#488,.T.);
#490=ORIENTED_EDGE('',*,*,#489,.F.);
#491=DIRECTION('',(1.,0.,0.));
#492=VECTOR('',#491,152.4);
#493=LINE('',#440,#492);
#494=EDGE_CURVE('',#441,#443,#493,.T.);
#495=ORIENTED_EDGE('',*,*,#494,.F.);
#496=DIRECTION('',(0.,-1.,0.));
#497=VECTOR('',#496,101.6);
#498=LINE('',#438,#497);
#499=EDGE_CURVE('',#439,#441,#498,.T.);
#500=ORIENTED_EDGE('',*,*,#499,.F.);
#501=EDGE_LOOP('',(#485,#490,#495,#500));
#502=FACE_OUTER_BOUND('',#501,.T.);
#503=DIRECTION('',(0.,0.,-1.));
#504=DIRECTION('',(1.,0.,0.));
#505=AXIS2_PLACEMENT_3D('',#438,#503,#504);
#506=PLANE('',#505);
#507=ADVANCED_FACE('',(#502),#506,.T.);
#508=ORIENTED_EDGE('',*,*,#499,.T.);
#509=DIRECTION('',(0.,0.,1.));
#510=VECTOR('',#509,337.82);
#511=LINE('',#440,#510);
#512=EDGE_CURVE('',#441,#449,#511,.T.);
#513=ORIENTED_EDGE('',*,*,#512,.T.);
#514=ORIENTED_EDGE('',*,*,#457,.F.);
#515=DIRECTION('',(0.,0.,1.));
#516=VECTOR('',#515,337.82);
#517=LINE('',#438,#516);
#518=EDGE_CURVE('',#439,#447,#517,.T.);
#519=ORIENTED_EDGE('',*,*,#518,.F.);
#520=EDGE_LOOP('',(#508,#513,#514,#519));
#521=FACE_OUTER_BOUND('',#520,.T.);
#522=DIRECTION('',(-1.,0.,0.));
#523=DIRECTION('',(0.,-1.,0.));
#524=AXIS2_PLACEMENT_3D('',#438,#522,#523);
#525=PLANE('',#524);
#526=ADVANCED_FACE('',(#521),#525,.T.);
#527=ORIENTED_EDGE('',*,*,#494,.T.);
#528=DIRECTION('',(0.,0.,1.));
#529=VECTOR('',#528,337.82);
#530=LINE('',#442,#529);
#531=EDGE_CURVE('',#443,#451,#530,.T.);
#532=ORIENTED_EDGE('',*,*,#531,.T.);
#533=ORIENTED_EDGE('',*,*,#462,.F.);
#534=ORIENTED_EDGE('',*,*,#512,.F.);
#535=EDGE_LOOP('',(#527,#532,#533,#534));
#536=FACE_OUTER_BOUND('',#535,.T.);
#537=DIRECTION('',(0.,-1.,0.));
#538=DIRECTION('',(1.,0.,0.));
#539=AXIS2_PLACEMENT_3D('',#440,#537,#538);
#540=PLANE('',#539);
#541=ADVANCED_FACE('',(#536),#540,.T.);
#542=ORIENTED_EDGE('',*,*,#489,.T.);
#543=DIRECTION('',(0.,0.,1.));
#544=VECTOR('',#543,337.82);
#545=LINE('',#444,#544);
#546=EDGE_CURVE('',#445,#453,#545,.T.);
#547=ORIENTED_EDGE('',*,*,#546,.T.);
#548=ORIENTED_EDGE('',*,*,#467,.F.);
#549=ORIENTED_EDGE('',*,*,#531,.F.);
#550=EDGE_LOOP('',(#542,#547,#548,#549));
#551=FACE_OUTER_BOUND('',#550,.T.);
#552=DIRECTION('',(1.,0.,0.));
#553=DIRECTION('',(0.,1.,0.));
#554=AXIS2_PLACEMENT_3D('',#442,#552,#553);
#555=PLANE('',#554);
#556=ADVANCED_FACE('',(#551),#555,.T.);
#557=ORIENTED_EDGE('',*,*,#484,.F.);
#558=ORIENTED_EDGE('',*,*,#518,.T.);
#559=ORIENTED_EDGE('',*,*,#472,.T.);
#560=ORIENTED_EDGE('',*,*,#546,.F.);
#561=EDGE_LOOP('',(#557,#558,#559,#560));
#562=FACE_OUTER_BOUND('',#561,.T.);
#563=DIRECTION('',(0.,1.,0.));
#564=DIRECTION('',(-1.,0.,0.));
#565=AXIS2_PLACEMENT_3D('',#444,#563,#564);
#566=PLANE('',#565);
#567=ADVANCED_FACE('',(#562),#566,.T.);
#568=CLOSED_SHELL('',(#480,#507,#526,#541,#556,#567));
#569=MANIFOLD_SOLID_BREP('tower',#568);
#570=COLOUR_RGB('',0.95,0.55,0.1);
#571=FILL_AREA_STYLE_COLOUR('',#570);
#572=FILL_AREA_STYLE('',(#571));
#573=SURFACE_STYLE_FILL_AREA(#572);
#574=SURFACE_SIDE_STYLE('',(#573));
#575=SURFACE_STYLE_USAGE(.BOTH.,#574);
#576=PRESENTATION_STYLE_ASSIGNMENT((#575));
#577=STYLED_ITEM('color',(#576),#569);
#578=CARTESIAN_POINT('',(-152.4,-218.8798,14.6335));
#579=VERTEX_POINT('',#578);
#580=CARTESIAN_POINT('',(-152.4,-210.6395,20.1395));
#581=VERTEX_POINT('',#580);
#582=CARTESIAN_POINT('',(-152.4,-205.1335,28.3798));
#583=VERTEX_POINT('',#582);
#584=CARTESIAN_POINT('',(-152.4,-203.2,38.1));
#585=VERTEX_POINT('',#584);
#586=CARTESIAN_POINT('',(-152.4,-205.1335,47.8202));
#587=VERTEX_POINT('',#586);
#588=CARTESIAN_POINT('',(-152.4,-210.6395,56.0605));
#589=VERTEX_POINT('',#588);
#590=CARTESIAN_POINT('',(-152.4,-218.8798,61.5665));
#591=VERTEX_POINT('',#590);
#592=CARTESIAN_POINT('',(-152.4,-228.6,63.5));
#593=VERTEX_POINT('',#592);
#594=CARTESIAN_POINT('',(-152.4,-238.3202,61.5665));
#595=VERTEX_POINT('',#594);
#596=CARTESIAN_POINT('',(-152.4,-246.5605,56.0605));
#597=VERTEX_POINT('',#596);
#598=CARTESIAN_POINT('',(-152.4,-252.0665,47.8202));
#599=VERTEX_POINT('',#598);
#600=CARTESIAN_POINT('',(-152.4,-254.,38.1));
#601=VERTEX_POINT('',#600);
#602=CARTESIAN_POINT('',(-152.4,-252.0665,28.3798));
#603=VERTEX_POINT('',#602);
#604=CARTESIAN_POINT('',(-152.4,-246.5605,20.1395));
#605=VERTEX_POINT('',#604);
#606=CARTESIAN_POINT('',(-152.4,-238.3202,14.6335));
#607=VERTEX_POINT('',#606);
#608=CARTESIAN_POINT('',(-152.4,-228.6,12.7));
#609=VERTEX_POINT('',#608);
#610=CARTESIAN_POINT('',(152.4,-218.8798,14.6335));
#611=VERTEX_POINT('',#610);
#612=CARTESIAN_POINT('',(152.4,-210.6395,20.1395));
#613=VERTEX_POINT('',#612);
#614=CARTESIAN_POINT('',(152.4,-205.1335,28.3798));
#615=VERTEX_POINT('',#614);
#616=CARTESIAN_POINT('',(152.4,-203.2,38.1));
#617=VERTEX_POINT('',#616);
#618=CARTESIAN_POINT('',(152.4,-205.1335,47.8202));
#619=VERTEX_POINT('',#618);
#620=CARTESIAN_POINT('',(152.4,-210.6395,56.0605));
#621=VERTEX_POINT('',#620);
#622=CARTESIAN_POINT('',(152.4,-218.8798,61.5665));
#623=VERTEX_POINT('',#622);
#624=CARTESIAN_POINT('',(152.4,-228.6,63.5));
#625=VERTEX_POINT('',#624);
#626=CARTESIAN_POINT('',(152.4,-238.3202,61.5665));
#627=VERTEX_POINT('',#626);
#628=CARTESIAN_POINT('',(152.4,-246.5605,56.0605));
#629=VERTEX_POINT('',#628);
#630=CARTESIAN_POINT('',(152.4,-252.0665,47.8202));
#631=VERTEX_POINT('',#630);
#632=CARTESIAN_POINT('',(152.4,-254.,38.1));
#633=VERTEX_POINT('',#632);
#634=CARTESIAN_POINT('',(152.4,-252.0665,28.3798));
#635=VERTEX_POINT('',#634);
#636=CARTESIAN_POINT('',(152.4,-246.5605,20.1395));
#637=VERTEX_POINT('',#636);
#638=CARTESIAN_POINT('',(152.4,-238.3202,14.6335));
#639=VERTEX_POINT('',#638);
#640=CARTESIAN_POINT('',(152.4,-228.6,12.7));
#641=VERTEX_POINT('',#640);
#642=DIRECTION('',(0.,0.8315,0.5556));
#643=VECTOR('',#642,9.9106);
#644=LINE('',#610,#643);
#645=EDGE_CURVE('',#611,#613,#644,.T.);
#646=ORIENTED_EDGE('',*,*,#645,.T.);
#647=DIRECTION('',(0.,0.5556,0.8315));
#648=VECTOR('',#647,9.9106);
#649=LINE('',#612,#648);
#650=EDGE_CURVE('',#613,#615,#649,.T.);
#651=ORIENTED_EDGE('',*,*,#650,.T.);
#652=DIRECTION('',(0.,0.1951,0.9808));
#653=VECTOR('',#652,9.9106);
#654=LINE('',#614,#653);
#655=EDGE_CURVE('',#615,#617,#654,.T.);
#656=ORIENTED_EDGE('',*,*,#655,.T.);
#657=DIRECTION('',(0.,-0.1951,0.9808));
#658=VECTOR('',#657,9.9106);
#659=LINE('',#616,#658);
#660=EDGE_CURVE('',#617,#619,#659,.T.);
#661=ORIENTED_EDGE('',*,*,#660,.T.);
#662=DIRECTION('',(0.,-0.5556,0.8315));
#663=VECTOR('',#662,9.9106);
#664=LINE('',#618,#663);
#665=EDGE_CURVE('',#619,#621,#664,.T.);
#666=ORIENTED_EDGE('',*,*,#665,.T.);
#667=DIRECTION('',(0.,-0.8315,0.5556));
#668=VECTOR('',#667,9.9106);
#669=LINE('',#620,#668);
#670=EDGE_CURVE('',#621,#623,#669,.T.);
#671=ORIENTED_EDGE('',*,*,#670,.T.);
#672=DIRECTION('',(0.,-0.9808,0.1951));
#673=VECTOR('',#672,9.9106);
#674=LINE('',#622,#673);
#675=EDGE_CURVE('',#623,#625,#674,.T.);
#676=ORIENTED_EDGE('',*,*,#675,.T.);
#677=DIRECTION('',(0.,-0.9808,-0.1951));
#678=VECTOR('',#677,9.9106);
#679=LINE('',#624,#678);
#680=EDGE_CURVE('',#625,#627,#679,.T.);
#681=ORIENTED_EDGE('',*,*,#680,.T.);
#682=DIRECTION('',(0.,-0.8315,-0.5556));
#683=VECTOR('',#682,9.9106);
#684=LINE('',#626,#683);
#685=EDGE_CURVE('',#627,#629,#684,.T.);
#686=ORIENTED_EDGE('',*,*,#685,.T.);
#687=DIRECTION('',(0.,-0.5556,-0.8315));
#688=VECTOR('',#687,9.9106);
#689=LINE('',#628,#688);
#690=EDGE_CURVE('',#629,#631,#689,.T.);
#691=ORIENTED_EDGE('',*,*,#690,.T.);
#692=DIRECTION('',(0.,-0.1951,-0.9808));
#693=VECTOR('',#692,9.9106);
#694=LINE('',#630,#693);
#695=EDGE_CURVE('',#631,#633,#694,.T.);
#696=ORIENTED_EDGE('',*,*,#695,.T.);
#697=DIRECTION('',(0.,0.1951,-0.9808));
#698=VECTOR('',#697,9.9106);
#699=LINE('',#632,#698);
#700=EDGE_CURVE('',#633,#635,#699,.T.);
#701=ORIENTED_EDGE('',*,*,#700,.T.);
#702=DIRECTION('',(0.,0.5556,-0.8315));
#703=VECTOR('',#702,9.9106);
#704=LINE('',#634,#703);
#705=EDGE_CURVE('',#635,#637,#704,.T.);
#706=ORIENTED_EDGE('',*,*,#705,.T.);
#707=DIRECTION('',(0.,0.8315,-0.5556));
#708=VECTOR('',#707,9.9106);
#709=LINE('',#636,#708);
#710=EDGE_CURVE('',#637,#639,#709,.T.);
#711=ORIENTED_EDGE('',*,*,#710,.T.);
#712=DIRECTION('',(0.,0.9808,-0.1951));
#713=VECTOR('',#712,9.9106);
#714=LINE('',#638,#713);
#715=EDGE_CURVE('',#639,#641,#714,.T.);
#716=ORIENTED_EDGE('',*,*,#715,.T.);
#717=DIRECTION('',(0.,-0.9808,-0.1951));
#718=VECTOR('',#717,9.9106);
#719=LINE('',#610,#718);
#720=EDGE_CURVE('',#611,#641,#719,.T.);
#721=ORIENTED_EDGE('',*,*,#720,.F.);
#722=EDGE_LOOP('',(#646,#651,#656,#661,#666,#671,#676,#681,#686,#691,#696,#701,#706,#711,#716,#721));
#723=FACE_OUTER_BOUND('',#722,.T.);
#724=DIRECTION('',(1.,0.,0.));
#725=DIRECTION('',(0.,0.8315,0.5556));
#726=AXIS2_PLACEMENT_3D('',#610,#724,#725);
#727=PLANE('',#726);
#728=ADVANCED_FACE('',(#723),#727,.T.);
#729=DIRECTION('',(0.,-0.9808,-0.1951));
#730=VECTOR('',#729,9.9106);
#731=LINE('',#578,#730);
#732=EDGE_CURVE('',#579,#609,#731,.T.);
#733=ORIENTED_EDGE('',*,*,#732,.T.);
#734=DIRECTION('',(0.,0.9808,-0.1951));
#735=VECTOR('',#734,9.9106);
#736=LINE('',#606,#735);
#737=EDGE_CURVE('',#607,#609,#736,.T.);
#738=ORIENTED_EDGE('',*,*,#737,.F.);
#739=DIRECTION('',(0.,0.8315,-0.5556));
#740=VECTOR('',#739,9.9106);
#741=LINE('',#604,#740);
#742=EDGE_CURVE('',#605,#607,#741,.T.);
#743=ORIENTED_EDGE('',*,*,#742,.F.);
#744=DIRECTION('',(0.,0.5556,-0.8315));
#745=VECTOR('',#744,9.9106);
#746=LINE('',#602,#745);
#747=EDGE_CURVE('',#603,#605,#746,.T.);
#748=ORIENTED_EDGE('',*,*,#747,.F.);
#749=DIRECTION('',(0.,0.1951,-0.9808));
#750=VECTOR('',#749,9.9106);
#751=LINE('',#600,#750);
#752=EDGE_CURVE('',#601,#603,#751,.T.);
#753=ORIENTED_EDGE('',*,*,#752,.F.);
#754=DIRECTION('',(0.,-0.1951,-0.9808));
#755=VECTOR('',#754,9.9106);
#756=LINE('',#598,#755);
#757=EDGE_CURVE('',#599,#601,#756,.T.);
#758=ORIENTED_EDGE('',*,*,#757,.F.);
#759=DIRECTION('',(0.,-0.5556,-0.8315));
#760=VECTOR('',#759,9.9106);
#761=LINE('',#596,#760);
#762=EDGE_CURVE('',#597,#599,#761,.T.);
#763=ORIENTED_EDGE('',*,*,#762,.F.);
#764=DIRECTION('',(0.,-0.8315,-0.5556));
#765=VECTOR('',#764,9.9106);
#766=LINE('',#594,#765);
#767=EDGE_CURVE('',#595,#597,#766,.T.);
#768=ORIENTED_EDGE('',*,*,#767,.F.);
#769=DIRECTION('',(0.,-0.9808,-0.1951));
#770=VECTOR('',#769,9.9106);
#771=LINE('',#592,#770);
#772=EDGE_CURVE('',#593,#595,#771,.T.);
#773=ORIENTED_EDGE('',*,*,#772,.F.);
#774=DIRECTION('',(0.,-0.9808,0.1951));
#775=VECTOR('',#774,9.9106);
#776=LINE('',#590,#775);
#777=EDGE_CURVE('',#591,#593,#776,.T.);
#778=ORIENTED_EDGE('',*,*,#777,.F.);
#779=DIRECTION('',(0.,-0.8315,0.5556));
#780=VECTOR('',#779,9.9106);
#781=LINE('',#588,#780);
#782=EDGE_CURVE('',#589,#591,#781,.T.);
#783=ORIENTED_EDGE('',*,*,#782,.F.);
#784=DIRECTION('',(0.,-0.5556,0.8315));
#785=VECTOR('',#784,9.9106);
#786=LINE('',#586,#785);
#787=EDGE_CURVE('',#587,#589,#786,.T.);
#788=ORIENTED_EDGE('',*,*,#787,.F.);
#789=DIRECTION('',(0.,-0.1951,0.9808));
#790=VECTOR('',#789,9.9106);
#791=LINE('',#584,#790);
#792=EDGE_CURVE('',#585,#587,#791,.T.);
#793=ORIENTED_EDGE('',*,*,#792,.F.);
#794=DIRECTION('',(0.,0.1951,0.9808));
#795=VECTOR('',#794,9.9106);
#796=LINE('',#582,#795);
#797=EDGE_CURVE('',#583,#585,#796,.T.);
#798=ORIENTED_EDGE('',*,*,#797,.F.);
#799=DIRECTION('',(0.,0.5556,0.8315));
#800=VECTOR('',#799,9.9106);
#801=LINE('',#580,#800);
#802=EDGE_CURVE('',#581,#583,#801,.T.);
#803=ORIENTED_EDGE('',*,*,#802,.F.);
#804=DIRECTION('',(0.,0.8315,0.5556));
#805=VECTOR('',#804,9.9106);
#806=LINE('',#578,#805);
#807=EDGE_CURVE('',#579,#581,#806,.T.);
#808=ORIENTED_EDGE('',*,*,#807,.F.);
#809=EDGE_LOOP('',(#733,#738,#743,#748,#753,#758,#763,#768,#773,#778,#783,#788,#793,#798,#803,#808));
#810=FACE_OUTER_BOUND('',#809,.T.);
#811=DIRECTION('',(-1.,0.,0.));
#812=DIRECTION('',(0.,-0.9808,-0.1951));
#813=AXIS2_PLACEMENT_3D('',#578,#811,#812);
#814=PLANE('',#813);
#815=ADVANCED_FACE('',(#810),#814,.T.);
#816=ORIENTED_EDGE('',*,*,#807,.T.);
#817=DIRECTION('',(1.,0.,0.));
#818=VECTOR('',#817,304.8);
#819=LINE('',#580,#818);
#820=EDGE_CURVE('',#581,#613,#819,.T.);
#821=ORIENTED_EDGE('',*,*,#820,.T.);
#822=ORIENTED_EDGE('',*,*,#645,.F.);
#823=DIRECTION('',(1.,0.,0.));
#824=VECTOR('',#823,304.8);
#825=LINE('',#578,#824);
#826=EDGE_CURVE('',#579,#611,#825,.T.);
#827=ORIENTED_EDGE('',*,*,#826,.F.);
#828=EDGE_LOOP('',(#816,#821,#822,#827));
#829=FACE_OUTER_BOUND('',#828,.T.);
#830=DIRECTION('',(0.,0.5556,-0.8315));
#831=DIRECTION('',(0.,0.8315,0.5556));
#832=AXIS2_PLACEMENT_3D('',#578,#830,#831);
#833=PLANE('',#832);
#834=ADVANCED_FACE('',(#829),#833,.T.);
#835=ORIENTED_EDGE('',*,*,#802,.T.);
#836=DIRECTION('',(1.,0.,0.));
#837=VECTOR('',#836,304.8);
#838=LINE('',#582,#837);
#839=EDGE_CURVE('',#583,#615,#838,.T.);
#840=ORIENTED_EDGE('',*,*,#839,.T.);
#841=ORIENTED_EDGE('',*,*,#650,.F.);
#842=ORIENTED_EDGE('',*,*,#820,.F.);
#843=EDGE_LOOP('',(#835,#840,#841,#842));
#844=FACE_OUTER_BOUND('',#843,.T.);
#845=DIRECTION('',(0.,0.8315,-0.5556));
#846=DIRECTION('',(0.,0.5556,0.8315));
#847=AXIS2_PLACEMENT_3D('',#580,#845,#846);
#848=PLANE('',#847);
#849=ADVANCED_FACE('',(#844),#848,.T.);
#850=ORIENTED_EDGE('',*,*,#797,.T.);
#851=DIRECTION('',(1.,0.,0.));
#852=VECTOR('',#851,304.8);
#853=LINE('',#584,#852);
#854=EDGE_CURVE('',#585,#617,#853,.T.);
#855=ORIENTED_EDGE('',*,*,#854,.T.);
#856=ORIENTED_EDGE('',*,*,#655,.F.);
#857=ORIENTED_EDGE('',*,*,#839,.F.);
#858=EDGE_LOOP('',(#850,#855,#856,#857));
#859=FACE_OUTER_BOUND('',#858,.T.);
#860=DIRECTION('',(0.,0.9808,-0.1951));
#861=DIRECTION('',(0.,0.1951,0.9808));
#862=AXIS2_PLACEMENT_3D('',#582,#860,#861);
#863=PLANE('',#862);
#864=ADVANCED_FACE('',(#859),#863,.T.);
#865=ORIENTED_EDGE('',*,*,#792,.T.);
#866=DIRECTION('',(1.,0.,0.));
#867=VECTOR('',#866,304.8);
#868=LINE('',#586,#867);
#869=EDGE_CURVE('',#587,#619,#868,.T.);
#870=ORIENTED_EDGE('',*,*,#869,.T.);
#871=ORIENTED_EDGE('',*,*,#660,.F.);
#872=ORIENTED_EDGE('',*,*,#854,.F.);
#873=EDGE_LOOP('',(#865,#870,#871,#872));
#874=FACE_OUTER_BOUND('',#873,.T.);
#875=DIRECTION('',(0.,0.9808,0.1951));
#876=DIRECTION('',(0.,-0.1951,0.9808));
#877=AXIS2_PLACEMENT_3D('',#584,#875,#876);
#878=PLANE('',#877);
#879=ADVANCED_FACE('',(#874),#878,.T.);
#880=ORIENTED_EDGE('',*,*,#787,.T.);
#881=DIRECTION('',(1.,0.,0.));
#882=VECTOR('',#881,304.8);
#883=LINE('',#588,#882);
#884=EDGE_CURVE('',#589,#621,#883,.T.);
#885=ORIENTED_EDGE('',*,*,#884,.T.);
#886=ORIENTED_EDGE('',*,*,#665,.F.);
#887=ORIENTED_EDGE('',*,*,#869,.F.);
#888=EDGE_LOOP('',(#880,#885,#886,#887));
#889=FACE_OUTER_BOUND('',#888,.T.);
#890=DIRECTION('',(0.,0.8315,0.5556));
#891=DIRECTION('',(0.,-0.5556,0.8315));
#892=AXIS2_PLACEMENT_3D('',#586,#890,#891);
#893=PLANE('',#892);
#894=ADVANCED_FACE('',(#889),#893,.T.);
#895=ORIENTED_EDGE('',*,*,#782,.T.);
#896=DIRECTION('',(1.,0.,0.));
#897=VECTOR('',#896,304.8);
#898=LINE('',#590,#897);
#899=EDGE_CURVE('',#591,#623,#898,.T.);
#900=ORIENTED_EDGE('',*,*,#899,.T.);
#901=ORIENTED_EDGE('',*,*,#670,.F.);
#902=ORIENTED_EDGE('',*,*,#884,.F.);
#903=EDGE_LOOP('',(#895,#900,#901,#902));
#904=FACE_OUTER_BOUND('',#903,.T.);
#905=DIRECTION('',(0.,0.5556,0.8315));
#906=DIRECTION('',(0.,-0.8315,0.5556));
#907=AXIS2_PLACEMENT_3D('',#588,#905,#906);
#908=PLANE('',#907);
#909=ADVANCED_FACE('',(#904),#908,.T.);
#910=ORIENTED_EDGE('',*,*,#777,.T.);
#911=DIRECTION('',(1.,0.,0.));
#912=VECTOR('',#911,304.8);
#913=LINE('',#592,#912);
#914=EDGE_CURVE('',#593,#625,#913,.T.);
#915=ORIENTED_EDGE('',*,*,#914,.T.);
#916=ORIENTED_EDGE('',*,*,#675,.F.);
#917=ORIENTED_EDGE('',*,*,#899,.F.);
#918=EDGE_LOOP('',(#910,#915,#916,#917));
#919=FACE_OUTER_BOUND('',#918,.T.);
#920=DIRECTION('',(0.,0.1951,0.9808));
#921=DIRECTION('',(0.,-0.9808,0.1951));
#922=AXIS2_PLACEMENT_3D('',#590,#920,#921);
#923=PLANE('',#922);
#924=ADVANCED_FACE('',(#919),#923,.T.);
#925=ORIENTED_EDGE('',*,*,#772,.T.);
#926=DIRECTION('',(1.,0.,0.));
#927=VECTOR('',#926,304.8);
#928=LINE('',#594,#927);
#929=EDGE_CURVE('',#595,#627,#928,.T.);
#930=ORIENTED_EDGE('',*,*,#929,.T.);
#931=ORIENTED_EDGE('',*,*,#680,.F.);
#932=ORIENTED_EDGE('',*,*,#914,.F.);
#933=EDGE_LOOP('',(#925,#930,#931,#932));
#934=FACE_OUTER_BOUND('',#933,.T.);
#935=DIRECTION('',(0.,-0.1951,0.9808));
#936=DIRECTION('',(0.,-0.9808,-0.1951));
#937=AXIS2_PLACEMENT_3D('',#592,#935,#936);
#938=PLANE('',#937);
#939=ADVANCED_FACE('',(#934),#938,.T.);
#940=ORIENTED_EDGE('',*,*,#767,.T.);
#941=DIRECTION('',(1.,0.,0.));
#942=VECTOR('',#941,304.8);
#943=LINE('',#596,#942);
#944=EDGE_CURVE('',#597,#629,#943,.T.);
#945=ORIENTED_EDGE('',*,*,#944,.T.);
#946=ORIENTED_EDGE('',*,*,#685,.F.);
#947=ORIENTED_EDGE('',*,*,#929,.F.);
#948=EDGE_LOOP('',(#940,#945,#946,#947));
#949=FACE_OUTER_BOUND('',#948,.T.);
#950=DIRECTION('',(0.,-0.5556,0.8315));
#951=DIRECTION('',(0.,-0.8315,-0.5556));
#952=AXIS2_PLACEMENT_3D('',#594,#950,#951);
#953=PLANE('',#952);
#954=ADVANCED_FACE('',(#949),#953,.T.);
#955=ORIENTED_EDGE('',*,*,#762,.T.);
#956=DIRECTION('',(1.,0.,0.));
#957=VECTOR('',#956,304.8);
#958=LINE('',#598,#957);
#959=EDGE_CURVE('',#599,#631,#958,.T.);
#960=ORIENTED_EDGE('',*,*,#959,.T.);
#961=ORIENTED_EDGE('',*,*,#690,.F.);
#962=ORIENTED_EDGE('',*,*,#944,.F.);
#963=EDGE_LOOP('',(#955,#960,#961,#962));
#964=FACE_OUTER_BOUND('',#963,.T.);
#965=DIRECTION('',(0.,-0.8315,0.5556));
#966=DIRECTION('',(0.,-0.5556,-0.8315));
#967=AXIS2_PLACEMENT_3D('',#596,#965,#966);
#968=PLANE('',#967);
#969=ADVANCED_FACE('',(#964),#968,.T.);
#970=ORIENTED_EDGE('',*,*,#757,.T.);
#971=DIRECTION('',(1.,0.,0.));
#972=VECTOR('',#971,304.8);
#973=LINE('',#600,#972);
#974=EDGE_CURVE('',#601,#633,#973,.T.);
#975=ORIENTED_EDGE('',*,*,#974,.T.);
#976=ORIENTED_EDGE('',*,*,#695,.F.);
#977=ORIENTED_EDGE('',*,*,#959,.F.);
#978=EDGE_LOOP('',(#970,#975,#976,#977));
#979=FACE_OUTER_BOUND('',#978,.T.);
#980=DIRECTION('',(0.,-0.9808,0.1951));
#981=DIRECTION('',(0.,-0.1951,-0.9808));
#982=AXIS2_PLACEMENT_3D('',#598,#980,#981);
#983=PLANE('',#982);
#984=ADVANCED_FACE('',(#979),#983,.T.);
#985=ORIENTED_EDGE('',*,*,#752,.T.);
#986=DIRECTION('',(1.,0.,0.));
#987=VECTOR('',#986,304.8);
#988=LINE('',#602,#987);
#989=EDGE_CURVE('',#603,#635,#988,.T.);
#990=ORIENTED_EDGE('',*,*,#989,.T.);
#991=ORIENTED_EDGE('',*,*,#700,.F.);
#992=ORIENTED_EDGE('',*,*,#974,.F.);
#993=EDGE_LOOP('',(#985,#990,#991,#992));
#994=FACE_OUTER_BOUND('',#993,.T.);
#995=DIRECTION('',(0.,-0.9808,-0.1951));
#996=DIRECTION('',(0.,0.1951,-0.9808));
#997=AXIS2_PLACEMENT_3D('',#600,#995,#996);
#998=PLANE('',#997);
#999=ADVANCED_FACE('',(#994),#998,.T.);
#1000=ORIENTED_EDGE('',*,*,#747,.T.);
#1001=DIRECTION('',(1.,0.,0.));
#1002=VECTOR('',#1001,304.8);
#1003=LINE('',#604,#1002);
#1004=EDGE_CURVE('',#605,#637,#1003,.T.);
#1005=ORIENTED_EDGE('',*,*,#1004,.T.);
#1006=ORIENTED_EDGE('',*,*,#705,.F.);
#1007=ORIENTED_EDGE('',*,*,#989,.F.);
#1008=EDGE_LOOP('',(#1000,#1005,#1006,#1007));
#1009=FACE_OUTER_BOUND('',#1008,.T.);
#1010=DIRECTION('',(0.,-0.8315,-0.5556));
#1011=DIRECTION('',(0.,0.5556,-0.8315));
#1012=AXIS2_PLACEMENT_3D('',#602,#1010,#1011);
#1013=PLANE('',#1012);
#1014=ADVANCED_FACE('',(#1009),#1013,.T.);
#1015=ORIENTED_EDGE('',*,*,#742,.T.);
#1016=DIRECTION('',(1.,0.,0.));
#1017=VECTOR('',#1016,304.8);
#1018=LINE('',#606,#1017);
#1019=EDGE_CURVE('',#607,#639,#1018,.T.);
#1020=ORIENTED_EDGE('',*,*,#1019,.T.);
#1021=ORIENTED_EDGE('',*,*,#710,.F.);
#1022=ORIENTED_EDGE('',*,*,#1004,.F.);
#1023=EDGE_LOOP('',(#1015,#1020,#1021,#1022));
#1024=FACE_OUTER_BOUND('',#1023,.T.);
#1025=DIRECTION('',(0.,-0.5556,-0.8315));
#1026=DIRECTION('',(0.,0.8315,-0.5556));
#1027=AXIS2_PLACEMENT_3D('',#604,#1025,#1026);
#1028=PLANE('',#1027);
#1029=ADVANCED_FACE('',(#1024),#1028,.T.);
#1030=ORIENTED_EDGE('',*,*,#737,.T.);
#1031=DIRECTION('',(1.,0.,0.));
#1032=VECTOR('',#1031,304.8);
#1033=LINE('',#608,#1032);
#1034=EDGE_CURVE('',#609,#641,#1033,.T.);
#1035=ORIENTED_EDGE('',*,*,#1034,.T.);
#1036=ORIENTED_EDGE('',*,*,#715,.F.);
#1037=ORIENTED_EDGE('',*,*,#1019,.F.);
#1038=EDGE_LOOP('',(#1030,#1035,#1036,#1037));
#1039=FACE_OUTER_BOUND('',#1038,.T.);
#1040=DIRECTION('',(0.,-0.1951,-0.9808));
#1041=DIRECTION('',(0.,0.9808,-0.1951));
#1042=AXIS2_PLACEMENT_3D('',#606,#1040,#1041);
#1043=PLANE('',#1042);
#1044=ADVANCED_FACE('',(#1039),#1043,.T.);
#1045=ORIENTED_EDGE('',*,*,#732,.F.);
#1046=ORIENTED_EDGE('',*,*,#826,.T.);
#1047=ORIENTED_EDGE('',*,*,#720,.T.);
#1048=ORIENTED_EDGE('',*,*,#1034,.F.);
#1049=EDGE_LOOP('',(#1045,#1046,#1047,#1048));
#1050=FACE_OUTER_BOUND('',#1049,.T.);
#1051=DIRECTION('',(0.,0.1951,-0.9808));
#1052=DIRECTION('',(0.,0.9808,0.1951));
#1053=AXIS2_PLACEMENT_3D('',#608,#1051,#1052);
#1054=PLANE('',#1053);
#1055=ADVANCED_FACE('',(#1050),#1054,.T.);
#1056=CLOSED_SHELL('',(#728,#815,#834,#849,#864,#879,#894,#909,#924,#939,#954,#969,#984,#999,#1014,#1029,#1044,#1055));
#1057=MANIFOLD_SOLID_BREP('intake',#1056);
#1058=COLOUR_RGB('',0.2,0.7,0.3);
#1059=FILL_AREA_STYLE_COLOUR('',#1058);
#1060=FILL_AREA_STYLE('',(#1059));
#1061=SURFACE_STYLE_FILL_AREA(#1060);
#1062=SURFACE_SIDE_STYLE('',(#1061));
#1063=SURFACE_STYLE_USAGE(.BOTH.,#1062);
#1064=PRESENTATION_STYLE_ASSIGNMENT((#1063));
#1065=STYLED_ITEM('color',(#1064),#1057);
#1066=CARTESIAN_POINT('',(160.02,-50.8,114.3));
#1067=VERTEX_POINT('',#1066);
#1068=CARTESIAN_POINT('',(160.02,-152.4,114.3));
#1069=VERTEX_POINT('',#1068);
#1070=CARTESIAN_POINT('',(190.5,-152.4,114.3));
#1071=VERTEX_POINT('',#1070);
#1072=CARTESIAN_POINT('',(190.5,-50.8,114.3));
#1073=VERTEX_POINT('',#1072);
#1074=CARTESIAN_POINT('',(160.02,-50.8,152.4));
#1075=VERTEX_POINT('',#1074);
#1076=CARTESIAN_POINT('',(160.02,-152.4,152.4));
#1077=VERTEX_POINT('',#1076);
#1078=CARTESIAN_POINT('',(190.5,-152.4,152.4));
#1079=VERTEX_POINT('',#1078);
#1080=CARTESIAN_POINT('',(190.5,-50.8,152.4));
#1081=VERTEX_POINT('',#1080);
#1082=DIRECTION('',(0.,-1.,0.));
#1083=VECTOR('',#1082,101.6);
#1084=LINE('',#1074,#1083);
#1085=EDGE_CURVE('',#1075,#1077,#1084,.T.);
#1086=ORIENTED_EDGE('',*,*,#1085,.T.);
#1087=DIRECTION('',(1.,0.,0.));
#1088=VECTOR('',#1087,30.48);
#1089=LINE('',#1076,#1088);
#1090=EDGE_CURVE('',#1077,#1079,#1089,.T.);
#1091=ORIENTED_EDGE('',*,*,#1090,.T.);
#1092=DIRECTION('',(0.,1.,0.));
#1093=VECTOR('',#1092,101.6);
#1094=LINE('',#1078,#1093);
#1095=EDGE_CURVE('',#1079,#1081,#1094,.T.);
#1096=ORIENTED_EDGE('',*,*,#1095,.T.);
#1097=DIRECTION('',(1.,0.,0.));
#1098=VECTOR('',#1097,30.48);
#1099=LINE('',#1074,#1098);
#1100=EDGE_CURVE('',#1075,#1081,#1099,.T.);
#1101=ORIENTED_EDGE('',*,*,#1100,.F.);
#1102=EDGE_LOOP('',(#1086,#1091,#1096,#1101));
#1103=FACE_OUTER_BOUND('',#1102,.T.);
#1104=DIRECTION('',(0.,0.,1.));
#1105=DIRECTION('',(0.,-1.,0.));
#1106=AXIS2_PLACEMENT_3D('',#1074,#1104,#1105);
#1107=PLANE('',#1106);
#1108=ADVANCED_FACE('',(#1103),#1107,.T.);
#1109=DIRECTION('',(1.,0.,0.));
#1110=VECTOR('',#1109,30.48);
#1111=LINE('',#1066,#1110);
#1112=EDGE_CURVE('',#1067,#1073,#1111,.T.);
#1113=ORIENTED_EDGE('',*,*,#1112,.T.);
#1114=DIRECTION('',(0.,1.,0.));
#1115=VECTOR('',#1114,101.6);
#1116=LINE('',#1070,#1115);
#1117=EDGE_CURVE('',#1071,#1073,#1116,.T.);
#1118=ORIENTED_EDGE('',*,*,#1117,.F.);
#1119=DIRECTION('',(1.,0.,0.));
#1120=VECTOR('',#1119,30.48);
#1121=LINE('',#1068,#1120);
#1122=EDGE_CURVE('',#1069,#1071,#1121,.T.);
#1123=ORIENTED_EDGE('',*,*,#1122,.F.);
#1124=DIRECTION('',(0.,-1.,0.));
#1125=VECTOR('',#1124,101.6);
#1126=LINE('',#1066,#1125);
#1127=EDGE_CURVE('',#1067,#1069,#1126,.T.);
#1128=ORIENTED_EDGE('',*,*,#1127,.F.);
#1129=EDGE_LOOP('',(#1113,#1118,#1123,#1128));
#1130=FACE_OUTER_BOUND('',#1129,.T.);
#1131=DIRECTION('',(0.,0.,-1.));
#1132=DIRECTION('',(1.,0.,0.));
#1133=AXIS2_PLACEMENT_3D('',#1066,#1131,#1132);
#1134=PLANE('',#1133);
#1135=ADVANCED_FACE('',(#1130),#1134,.T.);
#1136=ORIENTED_EDGE('',*,*,#1127,.T.);
#1137=DIRECTION('',(0.,0.,1.));
#1138=VECTOR('',#1137,38.1);
#1139=LINE('',#1068,#1138);
#1140=EDGE_CURVE('',#1069,#1077,#1139,.T.);
#1141=ORIENTED_EDGE('',*,*,#1140,.T.);
#1142=ORIENTED_EDGE('',*,*,#1085,.F.);
#1143=DIRECTION('',(0.,0.,1.));
#1144=VECTOR('',#1143,38.1);
#1145=LINE('',#1066,#1144);
#1146=EDGE_CURVE('',#1067,#1075,#1145,.T.);
#1147=ORIENTED_EDGE('',*,*,#1146,.F.);
#1148=EDGE_LOOP('',(#1136,#1141,#1142,#1147));
#1149=FACE_OUTER_BOUND('',#1148,.T.);
#1150=DIRECTION('',(-1.,0.,0.));
#1151=DIRECTION('',(0.,-1.,0.));
#1152=AXIS2_PLACEMENT_3D('',#1066,#1150,#1151);
#1153=PLANE('',#1152);
#1154=ADVANCED_FACE('',(#1149),#1153,.T.);
#1155=ORIENTED_EDGE('',*,*,#1122,.T.);
#1156=DIRECTION('',(0.,0.,1.));
#1157=VECTOR('',#1156,38.1);
#1158=LINE('',#1070,#1157);
#1159=EDGE_CURVE('',#1071,#1079,#1158,.T.);
#1160=ORIENTED_EDGE('',*,*,#1159,.T.);
#1161=ORIENTED_EDGE('',*,*,#1090,.F.);
#1162=ORIENTED_EDGE('',*,*,#1140,.F.);
#1163=EDGE_LOOP('',(#1155,#1160,#1161,#1162));
#1164=FACE_OUTER_BOUND('',#1163,.T.);
#1165=DIRECTION('',(0.,-1.,0.));
#1166=DIRECTION('',(1.,0.,0.));
#1167=AXIS2_PLACEMENT_3D('',#1068,#1165,#1166);
#1168=PLANE('',#1167);
#1169=ADVANCED_FACE('',(#1164),#1168,.T.);
#1170=ORIENTED_EDGE('',*,*,#1117,.T.);
#1171=DIRECTION('',(0.,0.,1.));
#1172=VECTOR('',#1171,38.1);
#1173=LINE('',#1072,#1172);
#1174=EDGE_CURVE('',#1073,#1081,#1173,.T.);
#1175=ORIENTED_EDGE('',*,*,#1174,.T.);
#1176=ORIENTED_EDGE('',*,*,#1095,.F.);
#1177=ORIENTED_EDGE('',*,*,#1159,.F.);
#1178=EDGE_LOOP('',(#1170,#1175,#1176,#1177));
#1179=FACE_OUTER_BOUND('',#1178,.T.);
#1180=DIRECTION('',(1.,0.,0.));
#1181=DIRECTION('',(0.,1.,0.));
#1182=AXIS2_PLACEMENT_3D('',#1070,#1180,#1181);
#1183=PLANE('',#1182);
#1184=ADVANCED_FACE('',(#1179),#1183,.T.);
#1185=ORIENTED_EDGE('',*,*,#1112,.F.);
#1186=ORIENTED_EDGE('',*,*,#1146,.T.);
#1187=ORIENTED_EDGE('',*,*,#1100,.T.);
#1188=ORIENTED_EDGE('',*,*,#1174,.F.);
#1189=EDGE_LOOP('',(#1185,#1186,#1187,#1188));
#1190=FACE_OUTER_BOUND('',#1189,.T.);
#1191=DIRECTION('',(0.,1.,0.));
#1192=DIRECTION('',(-1.,0.,0.));
#1193=AXIS2_PLACEMENT_3D('',#1072,#1191,#1192);
#1194=PLANE('',#1193);
#1195=ADVANCED_FACE('',(#1190),#1194,.T.);
#1196=CLOSED_SHELL('',(#1108,#1135,#1154,#1169,#1184,#1195));
#1197=MANIFOLD_SOLID_BREP('flag',#1196);
#1198=COLOUR_RGB('',0.15,0.35,0.9);
#1199=FILL_AREA_STYLE_COLOUR('',#1198);
#1200=FILL_AREA_STYLE('',(#1199));
#1201=SURFACE_STYLE_FILL_AREA(#1200);
#1202=SURFACE_SIDE_STYLE('',(#1201));
#1203=SURFACE_STYLE_USAGE(.BOTH.,#1202);
#1204=PRESENTATION_STYLE_ASSIGNMENT((#1203));
#1205=STYLED_ITEM('color',(#1204),#1197);
#1206=CARTESIAN_POINT('',(120.65,-119.8005,3.9583));
#1207=VERTEX_POINT('',#1206);
#1208=CARTESIAN_POINT('',(120.65,-102.9304,15.2304));
#1209=VERTEX_POINT('',#1208);
#1210=CARTESIAN_POINT('',(120.65,-91.6583,32.1005));
#1211=VERTEX_POINT('',#1210);
#1212=CARTESIAN_POINT('',(120.65,-87.7,52.));
#1213=VERTEX_POINT('',#1212);
#1214=CARTESIAN_POINT('',(120.65,-91.6583,71.8995));
#1215=VERTEX_POINT('',#1214);
#1216=CARTESIAN_POINT('',(120.65,-102.9304,88.7696));
#1217=VERTEX_POINT('',#1216);
#1218=CARTESIAN_POINT('',(120.65,-119.8005,100.0417));
#1219=VERTEX_POINT('',#1218);
#1220=CARTESIAN_POINT('',(120.65,-139.7,104.));
#1221=VERTEX_POINT('',#1220);
#1222=CARTESIAN_POINT('',(120.65,-159.5995,100.0417));
#1223=VERTEX_POINT('',#1222);
#1224=CARTESIAN_POINT('',(120.65,-176.4696,88.7696));
#1225=VERTEX_POINT('',#1224);
#1226=CARTESIAN_POINT('',(120.65,-187.7417,71.8995));
#1227=VERTEX_POINT('',#1226);
#1228=CARTESIAN_POINT('',(120.65,-191.7,52.));
#1229=VERTEX_POINT('',#1228);
#1230=CARTESIAN_POINT('',(120.65,-187.7417,32.1005));
#1231=VERTEX_POINT('',#1230);
#1232=CARTESIAN_POINT('',(120.65,-176.4696,15.2304));
#1233=VERTEX_POINT('',#1232);
#1234=CARTESIAN_POINT('',(120.65,-159.5995,3.9583));
#1235=VERTEX_POINT('',#1234);
#1236=CARTESIAN_POINT('',(120.65,-139.7,0.));
#1237=VERTEX_POINT('',#1236);
#1238=CARTESIAN_POINT('',(158.75,-119.8005,3.9583));
#1239=VERTEX_POINT('',#1238);
#1240=CARTESIAN_POINT('',(158.75,-102.9304,15.2304));
#1241=VERTEX_POINT('',#1240);
#1242=CARTESIAN_POINT('',(158.75,-91.6583,32.1005));
#1243=VERTEX_POINT('',#1242);
#1244=CARTESIAN_POINT('',(158.75,-87.7,52.));
#1245=VERTEX_POINT('',#1244);
#1246=CARTESIAN_POINT('',(158.75,-91.6583,71.8995));
#1247=VERTEX_POINT('',#1246);
#1248=CARTESIAN_POINT('',(158.75,-102.9304,88.7696));
#1249=VERTEX_POINT('',#1248);
#1250=CARTESIAN_POINT('',(158.75,-119.8005,100.0417));
#1251=VERTEX_POINT('',#1250);
#1252=CARTESIAN_POINT('',(158.75,-139.7,104.));
#1253=VERTEX_POINT('',#1252);
#1254=CARTESIAN_POINT('',(158.75,-159.5995,100.0417));
#1255=VERTEX_POINT('',#1254);
#1256=CARTESIAN_POINT('',(158.75,-176.4696,88.7696));
#1257=VERTEX_POINT('',#1256);
#1258=CARTESIAN_POINT('',(158.75,-187.7417,71.8995));
#1259=VERTEX_POINT('',#1258);
#1260=CARTESIAN_POINT('',(158.75,-191.7,52.));
#1261=VERTEX_POINT('',#1260);
#1262=CARTESIAN_POINT('',(158.75,-187.7417,32.1005));
#1263=VERTEX_POINT('',#1262);
#1264=CARTESIAN_POINT('',(158.75,-176.4696,15.2304));
#1265=VERTEX_POINT('',#1264);
#1266=CARTESIAN_POINT('',(158.75,-159.5995,3.9583));
#1267=VERTEX_POINT('',#1266);
#1268=CARTESIAN_POINT('',(158.75,-139.7,0.));
#1269=VERTEX_POINT('',#1268);
#1270=DIRECTION('',(0.,0.8315,0.5556));
#1271=VECTOR('',#1270,20.2894);
#1272=LINE('',#1238,#1271);
#1273=EDGE_CURVE('',#1239,#1241,#1272,.T.);
#1274=ORIENTED_EDGE('',*,*,#1273,.T.);
#1275=DIRECTION('',(0.,0.5556,0.8315));
#1276=VECTOR('',#1275,20.2894);
#1277=LINE('',#1240,#1276);
#1278=EDGE_CURVE('',#1241,#1243,#1277,.T.);
#1279=ORIENTED_EDGE('',*,*,#1278,.T.);
#1280=DIRECTION('',(0.,0.1951,0.9808));
#1281=VECTOR('',#1280,20.2894);
#1282=LINE('',#1242,#1281);
#1283=EDGE_CURVE('',#1243,#1245,#1282,.T.);
#1284=ORIENTED_EDGE('',*,*,#1283,.T.);
#1285=DIRECTION('',(0.,-0.1951,0.9808));
#1286=VECTOR('',#1285,20.2894);
#1287=LINE('',#1244,#1286);
#1288=EDGE_CURVE('',#1245,#1247,#1287,.T.);
#1289=ORIENTED_EDGE('',*,*,#1288,.T.);
#1290=DIRECTION('',(0.,-0.5556,0.8315));
#1291=VECTOR('',#1290,20.2894);
#1292=LINE('',#1246,#1291);
#1293=EDGE_CURVE('',#1247,#1249,#1292,.T.);
#1294=ORIENTED_EDGE('',*,*,#1293,.T.);
#1295=DIRECTION('',(0.,-0.8315,0.5556));
#1296=VECTOR('',#1295,20.2894);
#1297=LINE('',#1248,#1296);
#1298=EDGE_CURVE('',#1249,#1251,#1297,.T.);
#1299=ORIENTED_EDGE('',*,*,#1298,.T.);
#1300=DIRECTION('',(0.,-0.9808,0.1951));
#1301=VECTOR('',#1300,20.2894);
#1302=LINE('',#1250,#1301);
#1303=EDGE_CURVE('',#1251,#1253,#1302,.T.);
#1304=ORIENTED_EDGE('',*,*,#1303,.T.);
#1305=DIRECTION('',(0.,-0.9808,-0.1951));
#1306=VECTOR('',#1305,20.2894);
#1307=LINE('',#1252,#1306);
#1308=EDGE_CURVE('',#1253,#1255,#1307,.T.);
#1309=ORIENTED_EDGE('',*,*,#1308,.T.);
#1310=DIRECTION('',(0.,-0.8315,-0.5556));
#1311=VECTOR('',#1310,20.2894);
#1312=LINE('',#1254,#1311);
#1313=EDGE_CURVE('',#1255,#1257,#1312,.T.);
#1314=ORIENTED_EDGE('',*,*,#1313,.T.);
#1315=DIRECTION('',(0.,-0.5556,-0.8315));
#1316=VECTOR('',#1315,20.2894);
#1317=LINE('',#1256,#1316);
#1318=EDGE_CURVE('',#1257,#1259,#1317,.T.);
#1319=ORIENTED_EDGE('',*,*,#1318,.T.);
#1320=DIRECTION('',(0.,-0.1951,-0.9808));
#1321=VECTOR('',#1320,20.2894);
#1322=LINE('',#1258,#1321);
#1323=EDGE_CURVE('',#1259,#1261,#1322,.T.);
#1324=ORIENTED_EDGE('',*,*,#1323,.T.);
#1325=DIRECTION('',(0.,0.1951,-0.9808));
#1326=VECTOR('',#1325,20.2894);
#1327=LINE('',#1260,#1326);
#1328=EDGE_CURVE('',#1261,#1263,#1327,.T.);
#1329=ORIENTED_EDGE('',*,*,#1328,.T.);
#1330=DIRECTION('',(0.,0.5556,-0.8315));
#1331=VECTOR('',#1330,20.2894);
#1332=LINE('',#1262,#1331);
#1333=EDGE_CURVE('',#1263,#1265,#1332,.T.);
#1334=ORIENTED_EDGE('',*,*,#1333,.T.);
#1335=DIRECTION('',(0.,0.8315,-0.5556));
#1336=VECTOR('',#1335,20.2894);
#1337=LINE('',#1264,#1336);
#1338=EDGE_CURVE('',#1265,#1267,#1337,.T.);
#1339=ORIENTED_EDGE('',*,*,#1338,.T.);
#1340=DIRECTION('',(0.,0.9808,-0.1951));
#1341=VECTOR('',#1340,20.2894);
#1342=LINE('',#1266,#1341);
#1343=EDGE_CURVE('',#1267,#1269,#1342,.T.);
#1344=ORIENTED_EDGE('',*,*,#1343,.T.);
#1345=DIRECTION('',(0.,-0.9808,-0.1951));
#1346=VECTOR('',#1345,20.2894);
#1347=LINE('',#1238,#1346);
#1348=EDGE_CURVE('',#1239,#1269,#1347,.T.);
#1349=ORIENTED_EDGE('',*,*,#1348,.F.);
#1350=EDGE_LOOP('',(#1274,#1279,#1284,#1289,#1294,#1299,#1304,#1309,#1314,#1319,#1324,#1329,#1334,#1339,#1344,#1349));
#1351=FACE_OUTER_BOUND('',#1350,.T.);
#1352=DIRECTION('',(1.,0.,0.));
#1353=DIRECTION('',(0.,0.8315,0.5556));
#1354=AXIS2_PLACEMENT_3D('',#1238,#1352,#1353);
#1355=PLANE('',#1354);
#1356=ADVANCED_FACE('',(#1351),#1355,.T.);
#1357=DIRECTION('',(0.,-0.9808,-0.1951));
#1358=VECTOR('',#1357,20.2894);
#1359=LINE('',#1206,#1358);
#1360=EDGE_CURVE('',#1207,#1237,#1359,.T.);
#1361=ORIENTED_EDGE('',*,*,#1360,.T.);
#1362=DIRECTION('',(0.,0.9808,-0.1951));
#1363=VECTOR('',#1362,20.2894);
#1364=LINE('',#1234,#1363);
#1365=EDGE_CURVE('',#1235,#1237,#1364,.T.);
#1366=ORIENTED_EDGE('',*,*,#1365,.F.);
#1367=DIRECTION('',(0.,0.8315,-0.5556));
#1368=VECTOR('',#1367,20.2894);
#1369=LINE('',#1232,#1368);
#1370=EDGE_CURVE('',#1233,#1235,#1369,.T.);
#1371=ORIENTED_EDGE('',*,*,#1370,.F.);
#1372=DIRECTION('',(0.,0.5556,-0.8315));
#1373=VECTOR('',#1372,20.2894);
#1374=LINE('',#1230,#1373);
#1375=EDGE_CURVE('',#1231,#1233,#1374,.T.);
#1376=ORIENTED_EDGE('',*,*,#1375,.F.);
#1377=DIRECTION('',(0.,0.1951,-0.9808));
#1378=VECTOR('',#1377,20.2894);
#1379=LINE('',#1228,#1378);
#1380=EDGE_CURVE('',#1229,#1231,#1379,.T.);
#1381=ORIENTED_EDGE('',*,*,#1380,.F.);
#1382=DIRECTION('',(0.,-0.1951,-0.9808));
#1383=VECTOR('',#1382,20.2894);
#1384=LINE('',#1226,#1383);
#1385=EDGE_CURVE('',#1227,#1229,#1384,.T.);
#1386=ORIENTED_EDGE('',*,*,#1385,.F.);
#1387=DIRECTION('',(0.,-0.5556,-0.8315));
#1388=VECTOR('',#1387,20.2894);
#1389=LINE('',#1224,#1388);
#1390=EDGE_CURVE('',#1225,#1227,#1389,.T.);
#1391=ORIENTED_EDGE('',*,*,#1390,.F.);
#1392=DIRECTION('',(0.,-0.8315,-0.5556));
#1393=VECTOR('',#1392,20.2894);
#1394=LINE('',#1222,#1393);
#1395=EDGE_CURVE('',#1223,#1225,#1394,.T.);
#1396=ORIENTED_EDGE('',*,*,#1395,.F.);
#1397=DIRECTION('',(0.,-0.9808,-0.1951));
#1398=VECTOR('',#1397,20.2894);
#1399=LINE('',#1220,#1398);
#1400=EDGE_CURVE('',#1221,#1223,#1399,.T.);
#1401=ORIENTED_EDGE('',*,*,#1400,.F.);
#1402=DIRECTION('',(0.,-0.9808,0.1951));
#1403=VECTOR('',#1402,20.2894);
#1404=LINE('',#1218,#1403);
#1405=EDGE_CURVE('',#1219,#1221,#1404,.T.);
#1406=ORIENTED_EDGE('',*,*,#1405,.F.);
#1407=DIRECTION('',(0.,-0.8315,0.5556));
#1408=VECTOR('',#1407,20.2894);
#1409=LINE('',#1216,#1408);
#1410=EDGE_CURVE('',#1217,#1219,#1409,.T.);
#1411=ORIENTED_EDGE('',*,*,#1410,.F.);
#1412=DIRECTION('',(0.,-0.5556,0.8315));
#1413=VECTOR('',#1412,20.2894);
#1414=LINE('',#1214,#1413);
#1415=EDGE_CURVE('',#1215,#1217,#1414,.T.);
#1416=ORIENTED_EDGE('',*,*,#1415,.F.);
#1417=DIRECTION('',(0.,-0.1951,0.9808));
#1418=VECTOR('',#1417,20.2894);
#1419=LINE('',#1212,#1418);
#1420=EDGE_CURVE('',#1213,#1215,#1419,.T.);
#1421=ORIENTED_EDGE('',*,*,#1420,.F.);
#1422=DIRECTION('',(0.,0.1951,0.9808));
#1423=VECTOR('',#1422,20.2894);
#1424=LINE('',#1210,#1423);
#1425=EDGE_CURVE('',#1211,#1213,#1424,.T.);
#1426=ORIENTED_EDGE('',*,*,#1425,.F.);
#1427=DIRECTION('',(0.,0.5556,0.8315));
#1428=VECTOR('',#1427,20.2894);
#1429=LINE('',#1208,#1428);
#1430=EDGE_CURVE('',#1209,#1211,#1429,.T.);
#1431=ORIENTED_EDGE('',*,*,#1430,.F.);
#1432=DIRECTION('',(0.,0.8315,0.5556));
#1433=VECTOR('',#1432,20.2894);
#1434=LINE('',#1206,#1433);
#1435=EDGE_CURVE('',#1207,#1209,#1434,.T.);
#1436=ORIENTED_EDGE('',*,*,#1435,.F.);
#1437=EDGE_LOOP('',(#1361,#1366,#1371,#1376,#1381,#1386,#1391,#1396,#1401,#1406,#1411,#1416,#1421,#1426,#1431,#1436));
#1438=FACE_OUTER_BOUND('',#1437,.T.);
#1439=DIRECTION('',(-1.,0.,0.));
#1440=DIRECTION('',(0.,-0.9808,-0.1951));
#1441=AXIS2_PLACEMENT_3D('',#1206,#1439,#1440);
#1442=PLANE('',#1441);
#1443=ADVANCED_FACE('',(#1438),#1442,.T.);
#1444=ORIENTED_EDGE('',*,*,#1435,.T.);
#1445=DIRECTION('',(1.,0.,0.));
#1446=VECTOR('',#1445,38.1);
#1447=LINE('',#1208,#1446);
#1448=EDGE_CURVE('',#1209,#1241,#1447,.T.);
#1449=ORIENTED_EDGE('',*,*,#1448,.T.);
#1450=ORIENTED_EDGE('',*,*,#1273,.F.);
#1451=DIRECTION('',(1.,0.,0.));
#1452=VECTOR('',#1451,38.1);
#1453=LINE('',#1206,#1452);
#1454=EDGE_CURVE('',#1207,#1239,#1453,.T.);
#1455=ORIENTED_EDGE('',*,*,#1454,.F.);
#1456=EDGE_LOOP('',(#1444,#1449,#1450,#1455));
#1457=FACE_OUTER_BOUND('',#1456,.T.);
#1458=DIRECTION('',(0.,0.5556,-0.8315));
#1459=DIRECTION('',(0.,0.8315,0.5556));
#1460=AXIS2_PLACEMENT_3D('',#1206,#1458,#1459);
#1461=PLANE('',#1460);
#1462=ADVANCED_FACE('',(#1457),#1461,.T.);
#1463=ORIENTED_EDGE('',*,*,#1430,.T.);
#1464=DIRECTION('',(1.,0.,0.));
#1465=VECTOR('',#1464,38.1);
#1466=LINE('',#1210,#1465);
#1467=EDGE_CURVE('',#1211,#1243,#1466,.T.);
#1468=ORIENTED_EDGE('',*,*,#1467,.T.);
#1469=ORIENTED_EDGE('',*,*,#1278,.F.);
#1470=ORIENTED_EDGE('',*,*,#1448,.F.);
#1471=EDGE_LOOP('',(#1463,#1468,#1469,#1470));
#1472=FACE_OUTER_BOUND('',#1471,.T.);
#1473=DIRECTION('',(0.,0.8315,-0.5556));
#1474=DIRECTION('',(0.,0.5556,0.8315));
#1475=AXIS2_PLACEMENT_3D('',#1208,#1473,#1474);
#1476=PLANE('',#1475);
#1477=ADVANCED_FACE('',(#1472),#1476,.T.);
#1478=ORIENTED_EDGE('',*,*,#1425,.T.);
#1479=DIRECTION('',(1.,0.,0.));
#1480=VECTOR('',#1479,38.1);
#1481=LINE('',#1212,#1480);
#1482=EDGE_CURVE('',#1213,#1245,#1481,.T.);
#1483=ORIENTED_EDGE('',*,*,#1482,.T.);
#1484=ORIENTED_EDGE('',*,*,#1283,.F.);
#1485=ORIENTED_EDGE('',*,*,#1467,.F.);
#1486=EDGE_LOOP('',(#1478,#1483,#1484,#1485));
#1487=FACE_OUTER_BOUND('',#1486,.T.);
#1488=DIRECTION('',(0.,0.9808,-0.1951));
#1489=DIRECTION('',(0.,0.1951,0.9808));
#1490=AXIS2_PLACEMENT_3D('',#1210,#1488,#1489);
#1491=PLANE('',#1490);
#1492=ADVANCED_FACE('',(#1487),#1491,.T.);
#1493=ORIENTED_EDGE('',*,*,#1420,.T.);
#1494=DIRECTION('',(1.,0.,0.));
#1495=VECTOR('',#1494,38.1);
#1496=LINE('',#1214,#1495);
#1497=EDGE_CURVE('',#1215,#1247,#1496,.T.);
#1498=ORIENTED_EDGE('',*,*,#1497,.T.);
#1499=ORIENTED_EDGE('',*,*,#1288,.F.);
#1500=ORIENTED_EDGE('',*,*,#1482,.F.);
#1501=EDGE_LOOP('',(#1493,#1498,#1499,#1500));
#1502=FACE_OUTER_BOUND('',#1501,.T.);
#1503=DIRECTION('',(0.,0.9808,0.1951));
#1504=DIRECTION('',(0.,-0.1951,0.9808));
#1505=AXIS2_PLACEMENT_3D('',#1212,#1503,#1504);
#1506=PLANE('',#1505);
#1507=ADVANCED_FACE('',(#1502),#1506,.T.);
#1508=ORIENTED_EDGE('',*,*,#1415,.T.);
#1509=DIRECTION('',(1.,0.,0.));
#1510=VECTOR('',#1509,38.1);
#1511=LINE('',#1216,#1510);
#1512=EDGE_CURVE('',#1217,#1249,#1511,.T.);
#1513=ORIENTED_EDGE('',*,*,#1512,.T.);
#1514=ORIENTED_EDGE('',*,*,#1293,.F.);
#1515=ORIENTED_EDGE('',*,*,#1497,.F.);
#1516=EDGE_LOOP('',(#1508,#1513,#1514,#1515));
#1517=FACE_OUTER_BOUND('',#1516,.T.);
#1518=DIRECTION('',(0.,0.8315,0.5556));
#1519=DIRECTION('',(0.,-0.5556,0.8315));
#1520=AXIS2_PLACEMENT_3D('',#1214,#1518,#1519);
#1521=PLANE('',#1520);
#1522=ADVANCED_FACE('',(#1517),#1521,.T.);
#1523=ORIENTED_EDGE('',*,*,#1410,.T.);
#1524=DIRECTION('',(1.,0.,0.));
#1525=VECTOR('',#1524,38.1);
#1526=LINE('',#1218,#1525);
#1527=EDGE_CURVE('',#1219,#1251,#1526,.T.);
#1528=ORIENTED_EDGE('',*,*,#1527,.T.);
#1529=ORIENTED_EDGE('',*,*,#1298,.F.);
#1530=ORIENTED_EDGE('',*,*,#1512,.F.);
#1531=EDGE_LOOP('',(#1523,#1528,#1529,#1530));
#1532=FACE_OUTER_BOUND('',#1531,.T.);
#1533=DIRECTION('',(0.,0.5556,0.8315));
#1534=DIRECTION('',(0.,-0.8315,0.5556));
#1535=AXIS2_PLACEMENT_3D('',#1216,#1533,#1534);
#1536=PLANE('',#1535);
#1537=ADVANCED_FACE('',(#1532),#1536,.T.);
#1538=ORIENTED_EDGE('',*,*,#1405,.T.);
#1539=DIRECTION('',(1.,0.,0.));
#1540=VECTOR('',#1539,38.1);
#1541=LINE('',#1220,#1540);
#1542=EDGE_CURVE('',#1221,#1253,#1541,.T.);
#1543=ORIENTED_EDGE('',*,*,#1542,.T.);
#1544=ORIENTED_EDGE('',*,*,#1303,.F.);
#1545=ORIENTED_EDGE('',*,*,#1527,.F.);
#1546=EDGE_LOOP('',(#1538,#1543,#1544,#1545));
#1547=FACE_OUTER_BOUND('',#1546,.T.);
#1548=DIRECTION('',(0.,0.1951,0.9808));
#1549=DIRECTION('',(0.,-0.9808,0.1951));
#1550=AXIS2_PLACEMENT_3D('',#1218,#1548,#1549);
#1551=PLANE('',#1550);
#1552=ADVANCED_FACE('',(#1547),#1551,.T.);
#1553=ORIENTED_EDGE('',*,*,#1400,.T.);
#1554=DIRECTION('',(1.,0.,0.));
#1555=VECTOR('',#1554,38.1);
#1556=LINE('',#1222,#1555);
#1557=EDGE_CURVE('',#1223,#1255,#1556,.T.);
#1558=ORIENTED_EDGE('',*,*,#1557,.T.);
#1559=ORIENTED_EDGE('',*,*,#1308,.F.);
#1560=ORIENTED_EDGE('',*,*,#1542,.F.);
#1561=EDGE_LOOP('',(#1553,#1558,#1559,#1560));
#1562=FACE_OUTER_BOUND('',#1561,.T.);
#1563=DIRECTION('',(0.,-0.1951,0.9808));
#1564=DIRECTION('',(0.,-0.9808,-0.1951));
#1565=AXIS2_PLACEMENT_3D('',#1220,#1563,#1564);
#1566=PLANE('',#1565);
#1567=ADVANCED_FACE('',(#1562),#1566,.T.);
#1568=ORIENTED_EDGE('',*,*,#1395,.T.);
#1569=DIRECTION('',(1.,0.,0.));
#1570=VECTOR('',#1569,38.1);
#1571=LINE('',#1224,#1570);
#1572=EDGE_CURVE('',#1225,#1257,#1571,.T.);
#1573=ORIENTED_EDGE('',*,*,#1572,.T.);
#1574=ORIENTED_EDGE('',*,*,#1313,.F.);
#1575=ORIENTED_EDGE('',*,*,#1557,.F.);
#1576=EDGE_LOOP('',(#1568,#1573,#1574,#1575));
#1577=FACE_OUTER_BOUND('',#1576,.T.);
#1578=DIRECTION('',(0.,-0.5556,0.8315));
#1579=DIRECTION('',(0.,-0.8315,-0.5556));
#1580=AXIS2_PLACEMENT_3D('',#1222,#1578,#1579);
#1581=PLANE('',#1580);
#1582=ADVANCED_FACE('',(#1577),#1581,.T.);
#1583=ORIENTED_EDGE('',*,*,#1390,.T.);
#1584=DIRECTION('',(1.,0.,0.));
#1585=VECTOR('',#1584,38.1);
#1586=LINE('',#1226,#1585);
#1587=EDGE_CURVE('',#1227,#1259,#1586,.T.);
#1588=ORIENTED_EDGE('',*,*,#1587,.T.);
#1589=ORIENTED_EDGE('',*,*,#1318,.F.);
#1590=ORIENTED_EDGE('',*,*,#1572,.F.);
#1591=EDGE_LOOP('',(#1583,#1588,#1589,#1590));
#1592=FACE_OUTER_BOUND('',#1591,.T.);
#1593=DIRECTION('',(0.,-0.8315,0.5556));
#1594=DIRECTION('',(0.,-0.5556,-0.8315));
#1595=AXIS2_PLACEMENT_3D('',#1224,#1593,#1594);
#1596=PLANE('',#1595);
#1597=ADVANCED_FACE('',(#1592),#1596,.T.);
#1598=ORIENTED_EDGE('',*,*,#1385,.T.);
#1599=DIRECTION('',(1.,0.,0.));
#1600=VECTOR('',#1599,38.1);
#1601=LINE('',#1228,#1600);
#1602=EDGE_CURVE('',#1229,#1261,#1601,.T.);
#1603=ORIENTED_EDGE('',*,*,#1602,.T.);
#1604=ORIENTED_EDGE('',*,*,#1323,.F.);
#1605=ORIENTED_EDGE('',*,*,#1587,.F.);
#1606=EDGE_LOOP('',(#1598,#1603,#1604,#1605));
#1607=FACE_OUTER_BOUND('',#1606,.T.);
#1608=DIRECTION('',(0.,-0.9808,0.1951));
#1609=DIRECTION('',(0.,-0.1951,-0.9808));
#1610=AXIS2_PLACEMENT_3D('',#1226,#1608,#1609);
#1611=PLANE('',#1610);
#1612=ADVANCED_FACE('',(#1607),#1611,.T.);
#1613=ORIENTED_EDGE('',*,*,#1380,.T.);
#1614=DIRECTION('',(1.,0.,0.));
#1615=VECTOR('',#1614,38.1);
#1616=LINE('',#1230,#1615);
#1617=EDGE_CURVE('',#1231,#1263,#1616,.T.);
#1618=ORIENTED_EDGE('',*,*,#1617,.T.);
#1619=ORIENTED_EDGE('',*,*,#1328,.F.);
#1620=ORIENTED_EDGE('',*,*,#1602,.F.);
#1621=EDGE_LOOP('',(#1613,#1618,#1619,#1620));
#1622=FACE_OUTER_BOUND('',#1621,.T.);
#1623=DIRECTION('',(0.,-0.9808,-0.1951));
#1624=DIRECTION('',(0.,0.1951,-0.9808));
#1625=AXIS2_PLACEMENT_3D('',#1228,#1623,#1624);
#1626=PLANE('',#1625);
#1627=ADVANCED_FACE('',(#1622),#1626,.T.);
#1628=ORIENTED_EDGE('',*,*,#1375,.T.);
#1629=DIRECTION('',(1.,0.,0.));
#1630=VECTOR('',#1629,38.1);
#1631=LINE('',#1232,#1630);
#1632=EDGE_CURVE('',#1233,#1265,#1631,.T.);
#1633=ORIENTED_EDGE('',*,*,#1632,.T.);
#1634=ORIENTED_EDGE('',*,*,#1333,.F.);
#1635=ORIENTED_EDGE('',*,*,#1617,.F.);
#1636=EDGE_LOOP('',(#1628,#1633,#1634,#1635));
#1637=FACE_OUTER_BOUND('',#1636,.T.);
#1638=DIRECTION('',(0.,-0.8315,-0.5556));
#1639=DIRECTION('',(0.,0.5556,-0.8315));
#1640=AXIS2_PLACEMENT_3D('',#1230,#1638,#1639);
#1641=PLANE('',#1640);
#1642=ADVANCED_FACE('',(#1637),#1641,.T.);
#1643=ORIENTED_EDGE('',*,*,#1370,.T.);
#1644=DIRECTION('',(1.,0.,0.));
#1645=VECTOR('',#1644,38.1);
#1646=LINE('',#1234,#1645);
#1647=EDGE_CURVE('',#1235,#1267,#1646,.T.);
#1648=ORIENTED_EDGE('',*,*,#1647,.T.);
#1649=ORIENTED_EDGE('',*,*,#1338,.F.);
#1650=ORIENTED_EDGE('',*,*,#1632,.F.);
#1651=EDGE_LOOP('',(#1643,#1648,#1649,#1650));
#1652=FACE_OUTER_BOUND('',#1651,.T.);
#1653=DIRECTION('',(0.,-0.5556,-0.8315));
#1654=DIRECTION('',(0.,0.8315,-0.5556));
#1655=AXIS2_PLACEMENT_3D('',#1232,#1653,#1654);
#1656=PLANE('',#1655);
#1657=ADVANCED_FACE('',(#1652),#1656,.T.);
#1658=ORIENTED_EDGE('',*,*,#1365,.T.);
#1659=DIRECTION('',(1.,0.,0.));
#1660=VECTOR('',#1659,38.1);
#1661=LINE('',#1236,#1660);
#1662=EDGE_CURVE('',#1237,#1269,#1661,.T.);
#1663=ORIENTED_EDGE('',*,*,#1662,.T.);
#1664=ORIENTED_EDGE('',*,*,#1343,.F.);
#1665=ORIENTED_EDGE('',*,*,#1647,.F.);
#1666=EDGE_LOOP('',(#1658,#1663,#1664,#1665));
#1667=FACE_OUTER_BOUND('',#1666,.T.);
#1668=DIRECTION('',(0.,-0.1951,-0.9808));
#1669=DIRECTION('',(0.,0.9808,-0.1951));
#1670=AXIS2_PLACEMENT_3D('',#1234,#1668,#1669);
#1671=PLANE('',#1670);
#1672=ADVANCED_FACE('',(#1667),#1671,.T.);
#1673=ORIENTED_EDGE('',*,*,#1360,.F.);
#1674=ORIENTED_EDGE('',*,*,#1454,.T.);
#1675=ORIENTED_EDGE('',*,*,#1348,.T.);
#1676=ORIENTED_EDGE('',*,*,#1662,.F.);
#1677=EDGE_LOOP('',(#1673,#1674,#1675,#1676));
#1678=FACE_OUTER_BOUND('',#1677,.T.);
#1679=DIRECTION('',(0.,0.1951,-0.9808));
#1680=DIRECTION('',(0.,0.9808,0.1951));
#1681=AXIS2_PLACEMENT_3D('',#1236,#1679,#1680);
#1682=PLANE('',#1681);
#1683=ADVANCED_FACE('',(#1678),#1682,.T.);
#1684=CLOSED_SHELL('',(#1356,#1443,#1462,#1477,#1492,#1507,#1522,#1537,#1552,#1567,#1582,#1597,#1612,#1627,#1642,#1657,#1672,#1683));
#1685=MANIFOLD_SOLID_BREP('wheel_5.5_5.5',#1684);
#1686=COLOUR_RGB('',0.06,0.06,0.07);
#1687=FILL_AREA_STYLE_COLOUR('',#1686);
#1688=FILL_AREA_STYLE('',(#1687));
#1689=SURFACE_STYLE_FILL_AREA(#1688);
#1690=SURFACE_SIDE_STYLE('',(#1689));
#1691=SURFACE_STYLE_USAGE(.BOTH.,#1690);
#1692=PRESENTATION_STYLE_ASSIGNMENT((#1691));
#1693=STYLED_ITEM('color',(#1692),#1685);
#1694=CARTESIAN_POINT('',(-158.75,-119.8005,3.9583));
#1695=VERTEX_POINT('',#1694);
#1696=CARTESIAN_POINT('',(-158.75,-102.9304,15.2304));
#1697=VERTEX_POINT('',#1696);
#1698=CARTESIAN_POINT('',(-158.75,-91.6583,32.1005));
#1699=VERTEX_POINT('',#1698);
#1700=CARTESIAN_POINT('',(-158.75,-87.7,52.));
#1701=VERTEX_POINT('',#1700);
#1702=CARTESIAN_POINT('',(-158.75,-91.6583,71.8995));
#1703=VERTEX_POINT('',#1702);
#1704=CARTESIAN_POINT('',(-158.75,-102.9304,88.7696));
#1705=VERTEX_POINT('',#1704);
#1706=CARTESIAN_POINT('',(-158.75,-119.8005,100.0417));
#1707=VERTEX_POINT('',#1706);
#1708=CARTESIAN_POINT('',(-158.75,-139.7,104.));
#1709=VERTEX_POINT('',#1708);
#1710=CARTESIAN_POINT('',(-158.75,-159.5995,100.0417));
#1711=VERTEX_POINT('',#1710);
#1712=CARTESIAN_POINT('',(-158.75,-176.4696,88.7696));
#1713=VERTEX_POINT('',#1712);
#1714=CARTESIAN_POINT('',(-158.75,-187.7417,71.8995));
#1715=VERTEX_POINT('',#1714);
#1716=CARTESIAN_POINT('',(-158.75,-191.7,52.));
#1717=VERTEX_POINT('',#1716);
#1718=CARTESIAN_POINT('',(-158.75,-187.7417,32.1005));
#1719=VERTEX_POINT('',#1718);
#1720=CARTESIAN_POINT('',(-158.75,-176.4696,15.2304));
#1721=VERTEX_POINT('',#1720);
#1722=CARTESIAN_POINT('',(-158.75,-159.5995,3.9583));
#1723=VERTEX_POINT('',#1722);
#1724=CARTESIAN_POINT('',(-158.75,-139.7,0.));
#1725=VERTEX_POINT('',#1724);
#1726=CARTESIAN_POINT('',(-120.65,-119.8005,3.9583));
#1727=VERTEX_POINT('',#1726);
#1728=CARTESIAN_POINT('',(-120.65,-102.9304,15.2304));
#1729=VERTEX_POINT('',#1728);
#1730=CARTESIAN_POINT('',(-120.65,-91.6583,32.1005));
#1731=VERTEX_POINT('',#1730);
#1732=CARTESIAN_POINT('',(-120.65,-87.7,52.));
#1733=VERTEX_POINT('',#1732);
#1734=CARTESIAN_POINT('',(-120.65,-91.6583,71.8995));
#1735=VERTEX_POINT('',#1734);
#1736=CARTESIAN_POINT('',(-120.65,-102.9304,88.7696));
#1737=VERTEX_POINT('',#1736);
#1738=CARTESIAN_POINT('',(-120.65,-119.8005,100.0417));
#1739=VERTEX_POINT('',#1738);
#1740=CARTESIAN_POINT('',(-120.65,-139.7,104.));
#1741=VERTEX_POINT('',#1740);
#1742=CARTESIAN_POINT('',(-120.65,-159.5995,100.0417));
#1743=VERTEX_POINT('',#1742);
#1744=CARTESIAN_POINT('',(-120.65,-176.4696,88.7696));
#1745=VERTEX_POINT('',#1744);
#1746=CARTESIAN_POINT('',(-120.65,-187.7417,71.8995));
#1747=VERTEX_POINT('',#1746);
#1748=CARTESIAN_POINT('',(-120.65,-191.7,52.));
#1749=VERTEX_POINT('',#1748);
#1750=CARTESIAN_POINT('',(-120.65,-187.7417,32.1005));
#1751=VERTEX_POINT('',#1750);
#1752=CARTESIAN_POINT('',(-120.65,-176.4696,15.2304));
#1753=VERTEX_POINT('',#1752);
#1754=CARTESIAN_POINT('',(-120.65,-159.5995,3.9583));
#1755=VERTEX_POINT('',#1754);
#1756=CARTESIAN_POINT('',(-120.65,-139.7,0.));
#1757=VERTEX_POINT('',#1756);
#1758=DIRECTION('',(0.,0.8315,0.5556));
#1759=VECTOR('',#1758,20.2894);
#1760=LINE('',#1726,#1759);
#1761=EDGE_CURVE('',#1727,#1729,#1760,.T.);
#1762=ORIENTED_EDGE('',*,*,#1761,.T.);
#1763=DIRECTION('',(0.,0.5556,0.8315));
#1764=VECTOR('',#1763,20.2894);
#1765=LINE('',#1728,#1764);
#1766=EDGE_CURVE('',#1729,#1731,#1765,.T.);
#1767=ORIENTED_EDGE('',*,*,#1766,.T.);
#1768=DIRECTION('',(0.,0.1951,0.9808));
#1769=VECTOR('',#1768,20.2894);
#1770=LINE('',#1730,#1769);
#1771=EDGE_CURVE('',#1731,#1733,#1770,.T.);
#1772=ORIENTED_EDGE('',*,*,#1771,.T.);
#1773=DIRECTION('',(0.,-0.1951,0.9808));
#1774=VECTOR('',#1773,20.2894);
#1775=LINE('',#1732,#1774);
#1776=EDGE_CURVE('',#1733,#1735,#1775,.T.);
#1777=ORIENTED_EDGE('',*,*,#1776,.T.);
#1778=DIRECTION('',(0.,-0.5556,0.8315));
#1779=VECTOR('',#1778,20.2894);
#1780=LINE('',#1734,#1779);
#1781=EDGE_CURVE('',#1735,#1737,#1780,.T.);
#1782=ORIENTED_EDGE('',*,*,#1781,.T.);
#1783=DIRECTION('',(0.,-0.8315,0.5556));
#1784=VECTOR('',#1783,20.2894);
#1785=LINE('',#1736,#1784);
#1786=EDGE_CURVE('',#1737,#1739,#1785,.T.);
#1787=ORIENTED_EDGE('',*,*,#1786,.T.);
#1788=DIRECTION('',(0.,-0.9808,0.1951));
#1789=VECTOR('',#1788,20.2894);
#1790=LINE('',#1738,#1789);
#1791=EDGE_CURVE('',#1739,#1741,#1790,.T.);
#1792=ORIENTED_EDGE('',*,*,#1791,.T.);
#1793=DIRECTION('',(0.,-0.9808,-0.1951));
#1794=VECTOR('',#1793,20.2894);
#1795=LINE('',#1740,#1794);
#1796=EDGE_CURVE('',#1741,#1743,#1795,.T.);
#1797=ORIENTED_EDGE('',*,*,#1796,.T.);
#1798=DIRECTION('',(0.,-0.8315,-0.5556));
#1799=VECTOR('',#1798,20.2894);
#1800=LINE('',#1742,#1799);
#1801=EDGE_CURVE('',#1743,#1745,#1800,.T.);
#1802=ORIENTED_EDGE('',*,*,#1801,.T.);
#1803=DIRECTION('',(0.,-0.5556,-0.8315));
#1804=VECTOR('',#1803,20.2894);
#1805=LINE('',#1744,#1804);
#1806=EDGE_CURVE('',#1745,#1747,#1805,.T.);
#1807=ORIENTED_EDGE('',*,*,#1806,.T.);
#1808=DIRECTION('',(0.,-0.1951,-0.9808));
#1809=VECTOR('',#1808,20.2894);
#1810=LINE('',#1746,#1809);
#1811=EDGE_CURVE('',#1747,#1749,#1810,.T.);
#1812=ORIENTED_EDGE('',*,*,#1811,.T.);
#1813=DIRECTION('',(0.,0.1951,-0.9808));
#1814=VECTOR('',#1813,20.2894);
#1815=LINE('',#1748,#1814);
#1816=EDGE_CURVE('',#1749,#1751,#1815,.T.);
#1817=ORIENTED_EDGE('',*,*,#1816,.T.);
#1818=DIRECTION('',(0.,0.5556,-0.8315));
#1819=VECTOR('',#1818,20.2894);
#1820=LINE('',#1750,#1819);
#1821=EDGE_CURVE('',#1751,#1753,#1820,.T.);
#1822=ORIENTED_EDGE('',*,*,#1821,.T.);
#1823=DIRECTION('',(0.,0.8315,-0.5556));
#1824=VECTOR('',#1823,20.2894);
#1825=LINE('',#1752,#1824);
#1826=EDGE_CURVE('',#1753,#1755,#1825,.T.);
#1827=ORIENTED_EDGE('',*,*,#1826,.T.);
#1828=DIRECTION('',(0.,0.9808,-0.1951));
#1829=VECTOR('',#1828,20.2894);
#1830=LINE('',#1754,#1829);
#1831=EDGE_CURVE('',#1755,#1757,#1830,.T.);
#1832=ORIENTED_EDGE('',*,*,#1831,.T.);
#1833=DIRECTION('',(0.,-0.9808,-0.1951));
#1834=VECTOR('',#1833,20.2894);
#1835=LINE('',#1726,#1834);
#1836=EDGE_CURVE('',#1727,#1757,#1835,.T.);
#1837=ORIENTED_EDGE('',*,*,#1836,.F.);
#1838=EDGE_LOOP('',(#1762,#1767,#1772,#1777,#1782,#1787,#1792,#1797,#1802,#1807,#1812,#1817,#1822,#1827,#1832,#1837));
#1839=FACE_OUTER_BOUND('',#1838,.T.);
#1840=DIRECTION('',(1.,0.,0.));
#1841=DIRECTION('',(0.,0.8315,0.5556));
#1842=AXIS2_PLACEMENT_3D('',#1726,#1840,#1841);
#1843=PLANE('',#1842);
#1844=ADVANCED_FACE('',(#1839),#1843,.T.);
#1845=DIRECTION('',(0.,-0.9808,-0.1951));
#1846=VECTOR('',#1845,20.2894);
#1847=LINE('',#1694,#1846);
#1848=EDGE_CURVE('',#1695,#1725,#1847,.T.);
#1849=ORIENTED_EDGE('',*,*,#1848,.T.);
#1850=DIRECTION('',(0.,0.9808,-0.1951));
#1851=VECTOR('',#1850,20.2894);
#1852=LINE('',#1722,#1851);
#1853=EDGE_CURVE('',#1723,#1725,#1852,.T.);
#1854=ORIENTED_EDGE('',*,*,#1853,.F.);
#1855=DIRECTION('',(0.,0.8315,-0.5556));
#1856=VECTOR('',#1855,20.2894);
#1857=LINE('',#1720,#1856);
#1858=EDGE_CURVE('',#1721,#1723,#1857,.T.);
#1859=ORIENTED_EDGE('',*,*,#1858,.F.);
#1860=DIRECTION('',(0.,0.5556,-0.8315));
#1861=VECTOR('',#1860,20.2894);
#1862=LINE('',#1718,#1861);
#1863=EDGE_CURVE('',#1719,#1721,#1862,.T.);
#1864=ORIENTED_EDGE('',*,*,#1863,.F.);
#1865=DIRECTION('',(0.,0.1951,-0.9808));
#1866=VECTOR('',#1865,20.2894);
#1867=LINE('',#1716,#1866);
#1868=EDGE_CURVE('',#1717,#1719,#1867,.T.);
#1869=ORIENTED_EDGE('',*,*,#1868,.F.);
#1870=DIRECTION('',(0.,-0.1951,-0.9808));
#1871=VECTOR('',#1870,20.2894);
#1872=LINE('',#1714,#1871);
#1873=EDGE_CURVE('',#1715,#1717,#1872,.T.);
#1874=ORIENTED_EDGE('',*,*,#1873,.F.);
#1875=DIRECTION('',(0.,-0.5556,-0.8315));
#1876=VECTOR('',#1875,20.2894);
#1877=LINE('',#1712,#1876);
#1878=EDGE_CURVE('',#1713,#1715,#1877,.T.);
#1879=ORIENTED_EDGE('',*,*,#1878,.F.);
#1880=DIRECTION('',(0.,-0.8315,-0.5556));
#1881=VECTOR('',#1880,20.2894);
#1882=LINE('',#1710,#1881);
#1883=EDGE_CURVE('',#1711,#1713,#1882,.T.);
#1884=ORIENTED_EDGE('',*,*,#1883,.F.);
#1885=DIRECTION('',(0.,-0.9808,-0.1951));
#1886=VECTOR('',#1885,20.2894);
#1887=LINE('',#1708,#1886);
#1888=EDGE_CURVE('',#1709,#1711,#1887,.T.);
#1889=ORIENTED_EDGE('',*,*,#1888,.F.);
#1890=DIRECTION('',(0.,-0.9808,0.1951));
#1891=VECTOR('',#1890,20.2894);
#1892=LINE('',#1706,#1891);
#1893=EDGE_CURVE('',#1707,#1709,#1892,.T.);
#1894=ORIENTED_EDGE('',*,*,#1893,.F.);
#1895=DIRECTION('',(0.,-0.8315,0.5556));
#1896=VECTOR('',#1895,20.2894);
#1897=LINE('',#1704,#1896);
#1898=EDGE_CURVE('',#1705,#1707,#1897,.T.);
#1899=ORIENTED_EDGE('',*,*,#1898,.F.);
#1900=DIRECTION('',(0.,-0.5556,0.8315));
#1901=VECTOR('',#1900,20.2894);
#1902=LINE('',#1702,#1901);
#1903=EDGE_CURVE('',#1703,#1705,#1902,.T.);
#1904=ORIENTED_EDGE('',*,*,#1903,.F.);
#1905=DIRECTION('',(0.,-0.1951,0.9808));
#1906=VECTOR('',#1905,20.2894);
#1907=LINE('',#1700,#1906);
#1908=EDGE_CURVE('',#1701,#1703,#1907,.T.);
#1909=ORIENTED_EDGE('',*,*,#1908,.F.);
#1910=DIRECTION('',(0.,0.1951,0.9808));
#1911=VECTOR('',#1910,20.2894);
#1912=LINE('',#1698,#1911);
#1913=EDGE_CURVE('',#1699,#1701,#1912,.T.);
#1914=ORIENTED_EDGE('',*,*,#1913,.F.);
#1915=DIRECTION('',(0.,0.5556,0.8315));
#1916=VECTOR('',#1915,20.2894);
#1917=LINE('',#1696,#1916);
#1918=EDGE_CURVE('',#1697,#1699,#1917,.T.);
#1919=ORIENTED_EDGE('',*,*,#1918,.F.);
#1920=DIRECTION('',(0.,0.8315,0.5556));
#1921=VECTOR('',#1920,20.2894);
#1922=LINE('',#1694,#1921);
#1923=EDGE_CURVE('',#1695,#1697,#1922,.T.);
#1924=ORIENTED_EDGE('',*,*,#1923,.F.);
#1925=EDGE_LOOP('',(#1849,#1854,#1859,#1864,#1869,#1874,#1879,#1884,#1889,#1894,#1899,#1904,#1909,#1914,#1919,#1924));
#1926=FACE_OUTER_BOUND('',#1925,.T.);
#1927=DIRECTION('',(-1.,0.,0.));
#1928=DIRECTION('',(0.,-0.9808,-0.1951));
#1929=AXIS2_PLACEMENT_3D('',#1694,#1927,#1928);
#1930=PLANE('',#1929);
#1931=ADVANCED_FACE('',(#1926),#1930,.T.);
#1932=ORIENTED_EDGE('',*,*,#1923,.T.);
#1933=DIRECTION('',(1.,0.,0.));
#1934=VECTOR('',#1933,38.1);
#1935=LINE('',#1696,#1934);
#1936=EDGE_CURVE('',#1697,#1729,#1935,.T.);
#1937=ORIENTED_EDGE('',*,*,#1936,.T.);
#1938=ORIENTED_EDGE('',*,*,#1761,.F.);
#1939=DIRECTION('',(1.,0.,0.));
#1940=VECTOR('',#1939,38.1);
#1941=LINE('',#1694,#1940);
#1942=EDGE_CURVE('',#1695,#1727,#1941,.T.);
#1943=ORIENTED_EDGE('',*,*,#1942,.F.);
#1944=EDGE_LOOP('',(#1932,#1937,#1938,#1943));
#1945=FACE_OUTER_BOUND('',#1944,.T.);
#1946=DIRECTION('',(0.,0.5556,-0.8315));
#1947=DIRECTION('',(0.,0.8315,0.5556));
#1948=AXIS2_PLACEMENT_3D('',#1694,#1946,#1947);
#1949=PLANE('',#1948);
#1950=ADVANCED_FACE('',(#1945),#1949,.T.);
#1951=ORIENTED_EDGE('',*,*,#1918,.T.);
#1952=DIRECTION('',(1.,0.,0.));
#1953=VECTOR('',#1952,38.1);
#1954=LINE('',#1698,#1953);
#1955=EDGE_CURVE('',#1699,#1731,#1954,.T.);
#1956=ORIENTED_EDGE('',*,*,#1955,.T.);
#1957=ORIENTED_EDGE('',*,*,#1766,.F.);
#1958=ORIENTED_EDGE('',*,*,#1936,.F.);
#1959=EDGE_LOOP('',(#1951,#1956,#1957,#1958));
#1960=FACE_OUTER_BOUND('',#1959,.T.);
#1961=DIRECTION('',(0.,0.8315,-0.5556));
#1962=DIRECTION('',(0.,0.5556,0.8315));
#1963=AXIS2_PLACEMENT_3D('',#1696,#1961,#1962);
#1964=PLANE('',#1963);
#1965=ADVANCED_FACE('',(#1960),#1964,.T.);
#1966=ORIENTED_EDGE('',*,*,#1913,.T.);
#1967=DIRECTION('',(1.,0.,0.));
#1968=VECTOR('',#1967,38.1);
#1969=LINE('',#1700,#1968);
#1970=EDGE_CURVE('',#1701,#1733,#1969,.T.);
#1971=ORIENTED_EDGE('',*,*,#1970,.T.);
#1972=ORIENTED_EDGE('',*,*,#1771,.F.);
#1973=ORIENTED_EDGE('',*,*,#1955,.F.);
#1974=EDGE_LOOP('',(#1966,#1971,#1972,#1973));
#1975=FACE_OUTER_BOUND('',#1974,.T.);
#1976=DIRECTION('',(0.,0.9808,-0.1951));
#1977=DIRECTION('',(0.,0.1951,0.9808));
#1978=AXIS2_PLACEMENT_3D('',#1698,#1976,#1977);
#1979=PLANE('',#1978);
#1980=ADVANCED_FACE('',(#1975),#1979,.T.);
#1981=ORIENTED_EDGE('',*,*,#1908,.T.);
#1982=DIRECTION('',(1.,0.,0.));
#1983=VECTOR('',#1982,38.1);
#1984=LINE('',#1702,#1983);
#1985=EDGE_CURVE('',#1703,#1735,#1984,.T.);
#1986=ORIENTED_EDGE('',*,*,#1985,.T.);
#1987=ORIENTED_EDGE('',*,*,#1776,.F.);
#1988=ORIENTED_EDGE('',*,*,#1970,.F.);
#1989=EDGE_LOOP('',(#1981,#1986,#1987,#1988));
#1990=FACE_OUTER_BOUND('',#1989,.T.);
#1991=DIRECTION('',(0.,0.9808,0.1951));
#1992=DIRECTION('',(0.,-0.1951,0.9808));
#1993=AXIS2_PLACEMENT_3D('',#1700,#1991,#1992);
#1994=PLANE('',#1993);
#1995=ADVANCED_FACE('',(#1990),#1994,.T.);
#1996=ORIENTED_EDGE('',*,*,#1903,.T.);
#1997=DIRECTION('',(1.,0.,0.));
#1998=VECTOR('',#1997,38.1);
#1999=LINE('',#1704,#1998);
#2000=EDGE_CURVE('',#1705,#1737,#1999,.T.);
#2001=ORIENTED_EDGE('',*,*,#2000,.T.);
#2002=ORIENTED_EDGE('',*,*,#1781,.F.);
#2003=ORIENTED_EDGE('',*,*,#1985,.F.);
#2004=EDGE_LOOP('',(#1996,#2001,#2002,#2003));
#2005=FACE_OUTER_BOUND('',#2004,.T.);
#2006=DIRECTION('',(0.,0.8315,0.5556));
#2007=DIRECTION('',(0.,-0.5556,0.8315));
#2008=AXIS2_PLACEMENT_3D('',#1702,#2006,#2007);
#2009=PLANE('',#2008);
#2010=ADVANCED_FACE('',(#2005),#2009,.T.);
#2011=ORIENTED_EDGE('',*,*,#1898,.T.);
#2012=DIRECTION('',(1.,0.,0.));
#2013=VECTOR('',#2012,38.1);
#2014=LINE('',#1706,#2013);
#2015=EDGE_CURVE('',#1707,#1739,#2014,.T.);
#2016=ORIENTED_EDGE('',*,*,#2015,.T.);
#2017=ORIENTED_EDGE('',*,*,#1786,.F.);
#2018=ORIENTED_EDGE('',*,*,#2000,.F.);
#2019=EDGE_LOOP('',(#2011,#2016,#2017,#2018));
#2020=FACE_OUTER_BOUND('',#2019,.T.);
#2021=DIRECTION('',(0.,0.5556,0.8315));
#2022=DIRECTION('',(0.,-0.8315,0.5556));
#2023=AXIS2_PLACEMENT_3D('',#1704,#2021,#2022);
#2024=PLANE('',#2023);
#2025=ADVANCED_FACE('',(#2020),#2024,.T.);
#2026=ORIENTED_EDGE('',*,*,#1893,.T.);
#2027=DIRECTION('',(1.,0.,0.));
#2028=VECTOR('',#2027,38.1);
#2029=LINE('',#1708,#2028);
#2030=EDGE_CURVE('',#1709,#1741,#2029,.T.);
#2031=ORIENTED_EDGE('',*,*,#2030,.T.);
#2032=ORIENTED_EDGE('',*,*,#1791,.F.);
#2033=ORIENTED_EDGE('',*,*,#2015,.F.);
#2034=EDGE_LOOP('',(#2026,#2031,#2032,#2033));
#2035=FACE_OUTER_BOUND('',#2034,.T.);
#2036=DIRECTION('',(0.,0.1951,0.9808));
#2037=DIRECTION('',(0.,-0.9808,0.1951));
#2038=AXIS2_PLACEMENT_3D('',#1706,#2036,#2037);
#2039=PLANE('',#2038);
#2040=ADVANCED_FACE('',(#2035),#2039,.T.);
#2041=ORIENTED_EDGE('',*,*,#1888,.T.);
#2042=DIRECTION('',(1.,0.,0.));
#2043=VECTOR('',#2042,38.1);
#2044=LINE('',#1710,#2043);
#2045=EDGE_CURVE('',#1711,#1743,#2044,.T.);
#2046=ORIENTED_EDGE('',*,*,#2045,.T.);
#2047=ORIENTED_EDGE('',*,*,#1796,.F.);
#2048=ORIENTED_EDGE('',*,*,#2030,.F.);
#2049=EDGE_LOOP('',(#2041,#2046,#2047,#2048));
#2050=FACE_OUTER_BOUND('',#2049,.T.);
#2051=DIRECTION('',(0.,-0.1951,0.9808));
#2052=DIRECTION('',(0.,-0.9808,-0.1951));
#2053=AXIS2_PLACEMENT_3D('',#1708,#2051,#2052);
#2054=PLANE('',#2053);
#2055=ADVANCED_FACE('',(#2050),#2054,.T.);
#2056=ORIENTED_EDGE('',*,*,#1883,.T.);
#2057=DIRECTION('',(1.,0.,0.));
#2058=VECTOR('',#2057,38.1);
#2059=LINE('',#1712,#2058);
#2060=EDGE_CURVE('',#1713,#1745,#2059,.T.);
#2061=ORIENTED_EDGE('',*,*,#2060,.T.);
#2062=ORIENTED_EDGE('',*,*,#1801,.F.);
#2063=ORIENTED_EDGE('',*,*,#2045,.F.);
#2064=EDGE_LOOP('',(#2056,#2061,#2062,#2063));
#2065=FACE_OUTER_BOUND('',#2064,.T.);
#2066=DIRECTION('',(0.,-0.5556,0.8315));
#2067=DIRECTION('',(0.,-0.8315,-0.5556));
#2068=AXIS2_PLACEMENT_3D('',#1710,#2066,#2067);
#2069=PLANE('',#2068);
#2070=ADVANCED_FACE('',(#2065),#2069,.T.);
#2071=ORIENTED_EDGE('',*,*,#1878,.T.);
#2072=DIRECTION('',(1.,0.,0.));
#2073=VECTOR('',#2072,38.1);
#2074=LINE('',#1714,#2073);
#2075=EDGE_CURVE('',#1715,#1747,#2074,.T.);
#2076=ORIENTED_EDGE('',*,*,#2075,.T.);
#2077=ORIENTED_EDGE('',*,*,#1806,.F.);
#2078=ORIENTED_EDGE('',*,*,#2060,.F.);
#2079=EDGE_LOOP('',(#2071,#2076,#2077,#2078));
#2080=FACE_OUTER_BOUND('',#2079,.T.);
#2081=DIRECTION('',(0.,-0.8315,0.5556));
#2082=DIRECTION('',(0.,-0.5556,-0.8315));
#2083=AXIS2_PLACEMENT_3D('',#1712,#2081,#2082);
#2084=PLANE('',#2083);
#2085=ADVANCED_FACE('',(#2080),#2084,.T.);
#2086=ORIENTED_EDGE('',*,*,#1873,.T.);
#2087=DIRECTION('',(1.,0.,0.));
#2088=VECTOR('',#2087,38.1);
#2089=LINE('',#1716,#2088);
#2090=EDGE_CURVE('',#1717,#1749,#2089,.T.);
#2091=ORIENTED_EDGE('',*,*,#2090,.T.);
#2092=ORIENTED_EDGE('',*,*,#1811,.F.);
#2093=ORIENTED_EDGE('',*,*,#2075,.F.);
#2094=EDGE_LOOP('',(#2086,#2091,#2092,#2093));
#2095=FACE_OUTER_BOUND('',#2094,.T.);
#2096=DIRECTION('',(0.,-0.9808,0.1951));
#2097=DIRECTION('',(0.,-0.1951,-0.9808));
#2098=AXIS2_PLACEMENT_3D('',#1714,#2096,#2097);
#2099=PLANE('',#2098);
#2100=ADVANCED_FACE('',(#2095),#2099,.T.);
#2101=ORIENTED_EDGE('',*,*,#1868,.T.);
#2102=DIRECTION('',(1.,0.,0.));
#2103=VECTOR('',#2102,38.1);
#2104=LINE('',#1718,#2103);
#2105=EDGE_CURVE('',#1719,#1751,#2104,.T.);
#2106=ORIENTED_EDGE('',*,*,#2105,.T.);
#2107=ORIENTED_EDGE('',*,*,#1816,.F.);
#2108=ORIENTED_EDGE('',*,*,#2090,.F.);
#2109=EDGE_LOOP('',(#2101,#2106,#2107,#2108));
#2110=FACE_OUTER_BOUND('',#2109,.T.);
#2111=DIRECTION('',(0.,-0.9808,-0.1951));
#2112=DIRECTION('',(0.,0.1951,-0.9808));
#2113=AXIS2_PLACEMENT_3D('',#1716,#2111,#2112);
#2114=PLANE('',#2113);
#2115=ADVANCED_FACE('',(#2110),#2114,.T.);
#2116=ORIENTED_EDGE('',*,*,#1863,.T.);
#2117=DIRECTION('',(1.,0.,0.));
#2118=VECTOR('',#2117,38.1);
#2119=LINE('',#1720,#2118);
#2120=EDGE_CURVE('',#1721,#1753,#2119,.T.);
#2121=ORIENTED_EDGE('',*,*,#2120,.T.);
#2122=ORIENTED_EDGE('',*,*,#1821,.F.);
#2123=ORIENTED_EDGE('',*,*,#2105,.F.);
#2124=EDGE_LOOP('',(#2116,#2121,#2122,#2123));
#2125=FACE_OUTER_BOUND('',#2124,.T.);
#2126=DIRECTION('',(0.,-0.8315,-0.5556));
#2127=DIRECTION('',(0.,0.5556,-0.8315));
#2128=AXIS2_PLACEMENT_3D('',#1718,#2126,#2127);
#2129=PLANE('',#2128);
#2130=ADVANCED_FACE('',(#2125),#2129,.T.);
#2131=ORIENTED_EDGE('',*,*,#1858,.T.);
#2132=DIRECTION('',(1.,0.,0.));
#2133=VECTOR('',#2132,38.1);
#2134=LINE('',#1722,#2133);
#2135=EDGE_CURVE('',#1723,#1755,#2134,.T.);
#2136=ORIENTED_EDGE('',*,*,#2135,.T.);
#2137=ORIENTED_EDGE('',*,*,#1826,.F.);
#2138=ORIENTED_EDGE('',*,*,#2120,.F.);
#2139=EDGE_LOOP('',(#2131,#2136,#2137,#2138));
#2140=FACE_OUTER_BOUND('',#2139,.T.);
#2141=DIRECTION('',(0.,-0.5556,-0.8315));
#2142=DIRECTION('',(0.,0.8315,-0.5556));
#2143=AXIS2_PLACEMENT_3D('',#1720,#2141,#2142);
#2144=PLANE('',#2143);
#2145=ADVANCED_FACE('',(#2140),#2144,.T.);
#2146=ORIENTED_EDGE('',*,*,#1853,.T.);
#2147=DIRECTION('',(1.,0.,0.));
#2148=VECTOR('',#2147,38.1);
#2149=LINE('',#1724,#2148);
#2150=EDGE_CURVE('',#1725,#1757,#2149,.T.);
#2151=ORIENTED_EDGE('',*,*,#2150,.T.);
#2152=ORIENTED_EDGE('',*,*,#1831,.F.);
#2153=ORIENTED_EDGE('',*,*,#2135,.F.);
#2154=EDGE_LOOP('',(#2146,#2151,#2152,#2153));
#2155=FACE_OUTER_BOUND('',#2154,.T.);
#2156=DIRECTION('',(0.,-0.1951,-0.9808));
#2157=DIRECTION('',(0.,0.9808,-0.1951));
#2158=AXIS2_PLACEMENT_3D('',#1722,#2156,#2157);
#2159=PLANE('',#2158);
#2160=ADVANCED_FACE('',(#2155),#2159,.T.);
#2161=ORIENTED_EDGE('',*,*,#1848,.F.);
#2162=ORIENTED_EDGE('',*,*,#1942,.T.);
#2163=ORIENTED_EDGE('',*,*,#1836,.T.);
#2164=ORIENTED_EDGE('',*,*,#2150,.F.);
#2165=EDGE_LOOP('',(#2161,#2162,#2163,#2164));
#2166=FACE_OUTER_BOUND('',#2165,.T.);
#2167=DIRECTION('',(0.,0.1951,-0.9808));
#2168=DIRECTION('',(0.,0.9808,0.1951));
#2169=AXIS2_PLACEMENT_3D('',#1724,#2167,#2168);
#2170=PLANE('',#2169);
#2171=ADVANCED_FACE('',(#2166),#2170,.T.);
#2172=CLOSED_SHELL('',(#1844,#1931,#1950,#1965,#1980,#1995,#2010,#2025,#2040,#2055,#2070,#2085,#2100,#2115,#2130,#2145,#2160,#2171));
#2173=MANIFOLD_SOLID_BREP('wheel_5.5_-5.5',#2172);
#2174=COLOUR_RGB('',0.06,0.06,0.07);
#2175=FILL_AREA_STYLE_COLOUR('',#2174);
#2176=FILL_AREA_STYLE('',(#2175));
#2177=SURFACE_STYLE_FILL_AREA(#2176);
#2178=SURFACE_SIDE_STYLE('',(#2177));
#2179=SURFACE_STYLE_USAGE(.BOTH.,#2178);
#2180=PRESENTATION_STYLE_ASSIGNMENT((#2179));
#2181=STYLED_ITEM('color',(#2180),#2173);
#2182=CARTESIAN_POINT('',(120.65,159.5995,3.9583));
#2183=VERTEX_POINT('',#2182);
#2184=CARTESIAN_POINT('',(120.65,176.4696,15.2304));
#2185=VERTEX_POINT('',#2184);
#2186=CARTESIAN_POINT('',(120.65,187.7417,32.1005));
#2187=VERTEX_POINT('',#2186);
#2188=CARTESIAN_POINT('',(120.65,191.7,52.));
#2189=VERTEX_POINT('',#2188);
#2190=CARTESIAN_POINT('',(120.65,187.7417,71.8995));
#2191=VERTEX_POINT('',#2190);
#2192=CARTESIAN_POINT('',(120.65,176.4696,88.7696));
#2193=VERTEX_POINT('',#2192);
#2194=CARTESIAN_POINT('',(120.65,159.5995,100.0417));
#2195=VERTEX_POINT('',#2194);
#2196=CARTESIAN_POINT('',(120.65,139.7,104.));
#2197=VERTEX_POINT('',#2196);
#2198=CARTESIAN_POINT('',(120.65,119.8005,100.0417));
#2199=VERTEX_POINT('',#2198);
#2200=CARTESIAN_POINT('',(120.65,102.9304,88.7696));
#2201=VERTEX_POINT('',#2200);
#2202=CARTESIAN_POINT('',(120.65,91.6583,71.8995));
#2203=VERTEX_POINT('',#2202);
#2204=CARTESIAN_POINT('',(120.65,87.7,52.));
#2205=VERTEX_POINT('',#2204);
#2206=CARTESIAN_POINT('',(120.65,91.6583,32.1005));
#2207=VERTEX_POINT('',#2206);
#2208=CARTESIAN_POINT('',(120.65,102.9304,15.2304));
#2209=VERTEX_POINT('',#2208);
#2210=CARTESIAN_POINT('',(120.65,119.8005,3.9583));
#2211=VERTEX_POINT('',#2210);
#2212=CARTESIAN_POINT('',(120.65,139.7,0.));
#2213=VERTEX_POINT('',#2212);
#2214=CARTESIAN_POINT('',(158.75,159.5995,3.9583));
#2215=VERTEX_POINT('',#2214);
#2216=CARTESIAN_POINT('',(158.75,176.4696,15.2304));
#2217=VERTEX_POINT('',#2216);
#2218=CARTESIAN_POINT('',(158.75,187.7417,32.1005));
#2219=VERTEX_POINT('',#2218);
#2220=CARTESIAN_POINT('',(158.75,191.7,52.));
#2221=VERTEX_POINT('',#2220);
#2222=CARTESIAN_POINT('',(158.75,187.7417,71.8995));
#2223=VERTEX_POINT('',#2222);
#2224=CARTESIAN_POINT('',(158.75,176.4696,88.7696));
#2225=VERTEX_POINT('',#2224);
#2226=CARTESIAN_POINT('',(158.75,159.5995,100.0417));
#2227=VERTEX_POINT('',#2226);
#2228=CARTESIAN_POINT('',(158.75,139.7,104.));
#2229=VERTEX_POINT('',#2228);
#2230=CARTESIAN_POINT('',(158.75,119.8005,100.0417));
#2231=VERTEX_POINT('',#2230);
#2232=CARTESIAN_POINT('',(158.75,102.9304,88.7696));
#2233=VERTEX_POINT('',#2232);
#2234=CARTESIAN_POINT('',(158.75,91.6583,71.8995));
#2235=VERTEX_POINT('',#2234);
#2236=CARTESIAN_POINT('',(158.75,87.7,52.));
#2237=VERTEX_POINT('',#2236);
#2238=CARTESIAN_POINT('',(158.75,91.6583,32.1005));
#2239=VERTEX_POINT('',#2238);
#2240=CARTESIAN_POINT('',(158.75,102.9304,15.2304));
#2241=VERTEX_POINT('',#2240);
#2242=CARTESIAN_POINT('',(158.75,119.8005,3.9583));
#2243=VERTEX_POINT('',#2242);
#2244=CARTESIAN_POINT('',(158.75,139.7,0.));
#2245=VERTEX_POINT('',#2244);
#2246=DIRECTION('',(0.,0.8315,0.5556));
#2247=VECTOR('',#2246,20.2894);
#2248=LINE('',#2214,#2247);
#2249=EDGE_CURVE('',#2215,#2217,#2248,.T.);
#2250=ORIENTED_EDGE('',*,*,#2249,.T.);
#2251=DIRECTION('',(0.,0.5556,0.8315));
#2252=VECTOR('',#2251,20.2894);
#2253=LINE('',#2216,#2252);
#2254=EDGE_CURVE('',#2217,#2219,#2253,.T.);
#2255=ORIENTED_EDGE('',*,*,#2254,.T.);
#2256=DIRECTION('',(0.,0.1951,0.9808));
#2257=VECTOR('',#2256,20.2894);
#2258=LINE('',#2218,#2257);
#2259=EDGE_CURVE('',#2219,#2221,#2258,.T.);
#2260=ORIENTED_EDGE('',*,*,#2259,.T.);
#2261=DIRECTION('',(0.,-0.1951,0.9808));
#2262=VECTOR('',#2261,20.2894);
#2263=LINE('',#2220,#2262);
#2264=EDGE_CURVE('',#2221,#2223,#2263,.T.);
#2265=ORIENTED_EDGE('',*,*,#2264,.T.);
#2266=DIRECTION('',(0.,-0.5556,0.8315));
#2267=VECTOR('',#2266,20.2894);
#2268=LINE('',#2222,#2267);
#2269=EDGE_CURVE('',#2223,#2225,#2268,.T.);
#2270=ORIENTED_EDGE('',*,*,#2269,.T.);
#2271=DIRECTION('',(0.,-0.8315,0.5556));
#2272=VECTOR('',#2271,20.2894);
#2273=LINE('',#2224,#2272);
#2274=EDGE_CURVE('',#2225,#2227,#2273,.T.);
#2275=ORIENTED_EDGE('',*,*,#2274,.T.);
#2276=DIRECTION('',(0.,-0.9808,0.1951));
#2277=VECTOR('',#2276,20.2894);
#2278=LINE('',#2226,#2277);
#2279=EDGE_CURVE('',#2227,#2229,#2278,.T.);
#2280=ORIENTED_EDGE('',*,*,#2279,.T.);
#2281=DIRECTION('',(0.,-0.9808,-0.1951));
#2282=VECTOR('',#2281,20.2894);
#2283=LINE('',#2228,#2282);
#2284=EDGE_CURVE('',#2229,#2231,#2283,.T.);
#2285=ORIENTED_EDGE('',*,*,#2284,.T.);
#2286=DIRECTION('',(0.,-0.8315,-0.5556));
#2287=VECTOR('',#2286,20.2894);
#2288=LINE('',#2230,#2287);
#2289=EDGE_CURVE('',#2231,#2233,#2288,.T.);
#2290=ORIENTED_EDGE('',*,*,#2289,.T.);
#2291=DIRECTION('',(0.,-0.5556,-0.8315));
#2292=VECTOR('',#2291,20.2894);
#2293=LINE('',#2232,#2292);
#2294=EDGE_CURVE('',#2233,#2235,#2293,.T.);
#2295=ORIENTED_EDGE('',*,*,#2294,.T.);
#2296=DIRECTION('',(0.,-0.1951,-0.9808));
#2297=VECTOR('',#2296,20.2894);
#2298=LINE('',#2234,#2297);
#2299=EDGE_CURVE('',#2235,#2237,#2298,.T.);
#2300=ORIENTED_EDGE('',*,*,#2299,.T.);
#2301=DIRECTION('',(0.,0.1951,-0.9808));
#2302=VECTOR('',#2301,20.2894);
#2303=LINE('',#2236,#2302);
#2304=EDGE_CURVE('',#2237,#2239,#2303,.T.);
#2305=ORIENTED_EDGE('',*,*,#2304,.T.);
#2306=DIRECTION('',(0.,0.5556,-0.8315));
#2307=VECTOR('',#2306,20.2894);
#2308=LINE('',#2238,#2307);
#2309=EDGE_CURVE('',#2239,#2241,#2308,.T.);
#2310=ORIENTED_EDGE('',*,*,#2309,.T.);
#2311=DIRECTION('',(0.,0.8315,-0.5556));
#2312=VECTOR('',#2311,20.2894);
#2313=LINE('',#2240,#2312);
#2314=EDGE_CURVE('',#2241,#2243,#2313,.T.);
#2315=ORIENTED_EDGE('',*,*,#2314,.T.);
#2316=DIRECTION('',(0.,0.9808,-0.1951));
#2317=VECTOR('',#2316,20.2894);
#2318=LINE('',#2242,#2317);
#2319=EDGE_CURVE('',#2243,#2245,#2318,.T.);
#2320=ORIENTED_EDGE('',*,*,#2319,.T.);
#2321=DIRECTION('',(0.,-0.9808,-0.1951));
#2322=VECTOR('',#2321,20.2894);
#2323=LINE('',#2214,#2322);
#2324=EDGE_CURVE('',#2215,#2245,#2323,.T.);
#2325=ORIENTED_EDGE('',*,*,#2324,.F.);
#2326=EDGE_LOOP('',(#2250,#2255,#2260,#2265,#2270,#2275,#2280,#2285,#2290,#2295,#2300,#2305,#2310,#2315,#2320,#2325));
#2327=FACE_OUTER_BOUND('',#2326,.T.);
#2328=DIRECTION('',(1.,0.,0.));
#2329=DIRECTION('',(0.,0.8315,0.5556));
#2330=AXIS2_PLACEMENT_3D('',#2214,#2328,#2329);
#2331=PLANE('',#2330);
#2332=ADVANCED_FACE('',(#2327),#2331,.T.);
#2333=DIRECTION('',(0.,-0.9808,-0.1951));
#2334=VECTOR('',#2333,20.2894);
#2335=LINE('',#2182,#2334);
#2336=EDGE_CURVE('',#2183,#2213,#2335,.T.);
#2337=ORIENTED_EDGE('',*,*,#2336,.T.);
#2338=DIRECTION('',(0.,0.9808,-0.1951));
#2339=VECTOR('',#2338,20.2894);
#2340=LINE('',#2210,#2339);
#2341=EDGE_CURVE('',#2211,#2213,#2340,.T.);
#2342=ORIENTED_EDGE('',*,*,#2341,.F.);
#2343=DIRECTION('',(0.,0.8315,-0.5556));
#2344=VECTOR('',#2343,20.2894);
#2345=LINE('',#2208,#2344);
#2346=EDGE_CURVE('',#2209,#2211,#2345,.T.);
#2347=ORIENTED_EDGE('',*,*,#2346,.F.);
#2348=DIRECTION('',(0.,0.5556,-0.8315));
#2349=VECTOR('',#2348,20.2894);
#2350=LINE('',#2206,#2349);
#2351=EDGE_CURVE('',#2207,#2209,#2350,.T.);
#2352=ORIENTED_EDGE('',*,*,#2351,.F.);
#2353=DIRECTION('',(0.,0.1951,-0.9808));
#2354=VECTOR('',#2353,20.2894);
#2355=LINE('',#2204,#2354);
#2356=EDGE_CURVE('',#2205,#2207,#2355,.T.);
#2357=ORIENTED_EDGE('',*,*,#2356,.F.);
#2358=DIRECTION('',(0.,-0.1951,-0.9808));
#2359=VECTOR('',#2358,20.2894);
#2360=LINE('',#2202,#2359);
#2361=EDGE_CURVE('',#2203,#2205,#2360,.T.);
#2362=ORIENTED_EDGE('',*,*,#2361,.F.);
#2363=DIRECTION('',(0.,-0.5556,-0.8315));
#2364=VECTOR('',#2363,20.2894);
#2365=LINE('',#2200,#2364);
#2366=EDGE_CURVE('',#2201,#2203,#2365,.T.);
#2367=ORIENTED_EDGE('',*,*,#2366,.F.);
#2368=DIRECTION('',(0.,-0.8315,-0.5556));
#2369=VECTOR('',#2368,20.2894);
#2370=LINE('',#2198,#2369);
#2371=EDGE_CURVE('',#2199,#2201,#2370,.T.);
#2372=ORIENTED_EDGE('',*,*,#2371,.F.);
#2373=DIRECTION('',(0.,-0.9808,-0.1951));
#2374=VECTOR('',#2373,20.2894);
#2375=LINE('',#2196,#2374);
#2376=EDGE_CURVE('',#2197,#2199,#2375,.T.);
#2377=ORIENTED_EDGE('',*,*,#2376,.F.);
#2378=DIRECTION('',(0.,-0.9808,0.1951));
#2379=VECTOR('',#2378,20.2894);
#2380=LINE('',#2194,#2379);
#2381=EDGE_CURVE('',#2195,#2197,#2380,.T.);
#2382=ORIENTED_EDGE('',*,*,#2381,.F.);
#2383=DIRECTION('',(0.,-0.8315,0.5556));
#2384=VECTOR('',#2383,20.2894);
#2385=LINE('',#2192,#2384);
#2386=EDGE_CURVE('',#2193,#2195,#2385,.T.);
#2387=ORIENTED_EDGE('',*,*,#2386,.F.);
#2388=DIRECTION('',(0.,-0.5556,0.8315));
#2389=VECTOR('',#2388,20.2894);
#2390=LINE('',#2190,#2389);
#2391=EDGE_CURVE('',#2191,#2193,#2390,.T.);
#2392=ORIENTED_EDGE('',*,*,#2391,.F.);
#2393=DIRECTION('',(0.,-0.1951,0.9808));
#2394=VECTOR('',#2393,20.2894);
#2395=LINE('',#2188,#2394);
#2396=EDGE_CURVE('',#2189,#2191,#2395,.T.);
#2397=ORIENTED_EDGE('',*,*,#2396,.F.);
#2398=DIRECTION('',(0.,0.1951,0.9808));
#2399=VECTOR('',#2398,20.2894);
#2400=LINE('',#2186,#2399);
#2401=EDGE_CURVE('',#2187,#2189,#2400,.T.);
#2402=ORIENTED_EDGE('',*,*,#2401,.F.);
#2403=DIRECTION('',(0.,0.5556,0.8315));
#2404=VECTOR('',#2403,20.2894);
#2405=LINE('',#2184,#2404);
#2406=EDGE_CURVE('',#2185,#2187,#2405,.T.);
#2407=ORIENTED_EDGE('',*,*,#2406,.F.);
#2408=DIRECTION('',(0.,0.8315,0.5556));
#2409=VECTOR('',#2408,20.2894);
#2410=LINE('',#2182,#2409);
#2411=EDGE_CURVE('',#2183,#2185,#2410,.T.);
#2412=ORIENTED_EDGE('',*,*,#2411,.F.);
#2413=EDGE_LOOP('',(#2337,#2342,#2347,#2352,#2357,#2362,#2367,#2372,#2377,#2382,#2387,#2392,#2397,#2402,#2407,#2412));
#2414=FACE_OUTER_BOUND('',#2413,.T.);
#2415=DIRECTION('',(-1.,0.,0.));
#2416=DIRECTION('',(0.,-0.9808,-0.1951));
#2417=AXIS2_PLACEMENT_3D('',#2182,#2415,#2416);
#2418=PLANE('',#2417);
#2419=ADVANCED_FACE('',(#2414),#2418,.T.);
#2420=ORIENTED_EDGE('',*,*,#2411,.T.);
#2421=DIRECTION('',(1.,0.,0.));
#2422=VECTOR('',#2421,38.1);
#2423=LINE('',#2184,#2422);
#2424=EDGE_CURVE('',#2185,#2217,#2423,.T.);
#2425=ORIENTED_EDGE('',*,*,#2424,.T.);
#2426=ORIENTED_EDGE('',*,*,#2249,.F.);
#2427=DIRECTION('',(1.,0.,0.));
#2428=VECTOR('',#2427,38.1);
#2429=LINE('',#2182,#2428);
#2430=EDGE_CURVE('',#2183,#2215,#2429,.T.);
#2431=ORIENTED_EDGE('',*,*,#2430,.F.);
#2432=EDGE_LOOP('',(#2420,#2425,#2426,#2431));
#2433=FACE_OUTER_BOUND('',#2432,.T.);
#2434=DIRECTION('',(0.,0.5556,-0.8315));
#2435=DIRECTION('',(0.,0.8315,0.5556));
#2436=AXIS2_PLACEMENT_3D('',#2182,#2434,#2435);
#2437=PLANE('',#2436);
#2438=ADVANCED_FACE('',(#2433),#2437,.T.);
#2439=ORIENTED_EDGE('',*,*,#2406,.T.);
#2440=DIRECTION('',(1.,0.,0.));
#2441=VECTOR('',#2440,38.1);
#2442=LINE('',#2186,#2441);
#2443=EDGE_CURVE('',#2187,#2219,#2442,.T.);
#2444=ORIENTED_EDGE('',*,*,#2443,.T.);
#2445=ORIENTED_EDGE('',*,*,#2254,.F.);
#2446=ORIENTED_EDGE('',*,*,#2424,.F.);
#2447=EDGE_LOOP('',(#2439,#2444,#2445,#2446));
#2448=FACE_OUTER_BOUND('',#2447,.T.);
#2449=DIRECTION('',(0.,0.8315,-0.5556));
#2450=DIRECTION('',(0.,0.5556,0.8315));
#2451=AXIS2_PLACEMENT_3D('',#2184,#2449,#2450);
#2452=PLANE('',#2451);
#2453=ADVANCED_FACE('',(#2448),#2452,.T.);
#2454=ORIENTED_EDGE('',*,*,#2401,.T.);
#2455=DIRECTION('',(1.,0.,0.));
#2456=VECTOR('',#2455,38.1);
#2457=LINE('',#2188,#2456);
#2458=EDGE_CURVE('',#2189,#2221,#2457,.T.);
#2459=ORIENTED_EDGE('',*,*,#2458,.T.);
#2460=ORIENTED_EDGE('',*,*,#2259,.F.);
#2461=ORIENTED_EDGE('',*,*,#2443,.F.);
#2462=EDGE_LOOP('',(#2454,#2459,#2460,#2461));
#2463=FACE_OUTER_BOUND('',#2462,.T.);
#2464=DIRECTION('',(0.,0.9808,-0.1951));
#2465=DIRECTION('',(0.,0.1951,0.9808));
#2466=AXIS2_PLACEMENT_3D('',#2186,#2464,#2465);
#2467=PLANE('',#2466);
#2468=ADVANCED_FACE('',(#2463),#2467,.T.);
#2469=ORIENTED_EDGE('',*,*,#2396,.T.);
#2470=DIRECTION('',(1.,0.,0.));
#2471=VECTOR('',#2470,38.1);
#2472=LINE('',#2190,#2471);
#2473=EDGE_CURVE('',#2191,#2223,#2472,.T.);
#2474=ORIENTED_EDGE('',*,*,#2473,.T.);
#2475=ORIENTED_EDGE('',*,*,#2264,.F.);
#2476=ORIENTED_EDGE('',*,*,#2458,.F.);
#2477=EDGE_LOOP('',(#2469,#2474,#2475,#2476));
#2478=FACE_OUTER_BOUND('',#2477,.T.);
#2479=DIRECTION('',(0.,0.9808,0.1951));
#2480=DIRECTION('',(0.,-0.1951,0.9808));
#2481=AXIS2_PLACEMENT_3D('',#2188,#2479,#2480);
#2482=PLANE('',#2481);
#2483=ADVANCED_FACE('',(#2478),#2482,.T.);
#2484=ORIENTED_EDGE('',*,*,#2391,.T.);
#2485=DIRECTION('',(1.,0.,0.));
#2486=VECTOR('',#2485,38.1);
#2487=LINE('',#2192,#2486);
#2488=EDGE_CURVE('',#2193,#2225,#2487,.T.);
#2489=ORIENTED_EDGE('',*,*,#2488,.T.);
#2490=ORIENTED_EDGE('',*,*,#2269,.F.);
#2491=ORIENTED_EDGE('',*,*,#2473,.F.);
#2492=EDGE_LOOP('',(#2484,#2489,#2490,#2491));
#2493=FACE_OUTER_BOUND('',#2492,.T.);
#2494=DIRECTION('',(0.,0.8315,0.5556));
#2495=DIRECTION('',(0.,-0.5556,0.8315));
#2496=AXIS2_PLACEMENT_3D('',#2190,#2494,#2495);
#2497=PLANE('',#2496);
#2498=ADVANCED_FACE('',(#2493),#2497,.T.);
#2499=ORIENTED_EDGE('',*,*,#2386,.T.);
#2500=DIRECTION('',(1.,0.,0.));
#2501=VECTOR('',#2500,38.1);
#2502=LINE('',#2194,#2501);
#2503=EDGE_CURVE('',#2195,#2227,#2502,.T.);
#2504=ORIENTED_EDGE('',*,*,#2503,.T.);
#2505=ORIENTED_EDGE('',*,*,#2274,.F.);
#2506=ORIENTED_EDGE('',*,*,#2488,.F.);
#2507=EDGE_LOOP('',(#2499,#2504,#2505,#2506));
#2508=FACE_OUTER_BOUND('',#2507,.T.);
#2509=DIRECTION('',(0.,0.5556,0.8315));
#2510=DIRECTION('',(0.,-0.8315,0.5556));
#2511=AXIS2_PLACEMENT_3D('',#2192,#2509,#2510);
#2512=PLANE('',#2511);
#2513=ADVANCED_FACE('',(#2508),#2512,.T.);
#2514=ORIENTED_EDGE('',*,*,#2381,.T.);
#2515=DIRECTION('',(1.,0.,0.));
#2516=VECTOR('',#2515,38.1);
#2517=LINE('',#2196,#2516);
#2518=EDGE_CURVE('',#2197,#2229,#2517,.T.);
#2519=ORIENTED_EDGE('',*,*,#2518,.T.);
#2520=ORIENTED_EDGE('',*,*,#2279,.F.);
#2521=ORIENTED_EDGE('',*,*,#2503,.F.);
#2522=EDGE_LOOP('',(#2514,#2519,#2520,#2521));
#2523=FACE_OUTER_BOUND('',#2522,.T.);
#2524=DIRECTION('',(0.,0.1951,0.9808));
#2525=DIRECTION('',(0.,-0.9808,0.1951));
#2526=AXIS2_PLACEMENT_3D('',#2194,#2524,#2525);
#2527=PLANE('',#2526);
#2528=ADVANCED_FACE('',(#2523),#2527,.T.);
#2529=ORIENTED_EDGE('',*,*,#2376,.T.);
#2530=DIRECTION('',(1.,0.,0.));
#2531=VECTOR('',#2530,38.1);
#2532=LINE('',#2198,#2531);
#2533=EDGE_CURVE('',#2199,#2231,#2532,.T.);
#2534=ORIENTED_EDGE('',*,*,#2533,.T.);
#2535=ORIENTED_EDGE('',*,*,#2284,.F.);
#2536=ORIENTED_EDGE('',*,*,#2518,.F.);
#2537=EDGE_LOOP('',(#2529,#2534,#2535,#2536));
#2538=FACE_OUTER_BOUND('',#2537,.T.);
#2539=DIRECTION('',(0.,-0.1951,0.9808));
#2540=DIRECTION('',(0.,-0.9808,-0.1951));
#2541=AXIS2_PLACEMENT_3D('',#2196,#2539,#2540);
#2542=PLANE('',#2541);
#2543=ADVANCED_FACE('',(#2538),#2542,.T.);
#2544=ORIENTED_EDGE('',*,*,#2371,.T.);
#2545=DIRECTION('',(1.,0.,0.));
#2546=VECTOR('',#2545,38.1);
#2547=LINE('',#2200,#2546);
#2548=EDGE_CURVE('',#2201,#2233,#2547,.T.);
#2549=ORIENTED_EDGE('',*,*,#2548,.T.);
#2550=ORIENTED_EDGE('',*,*,#2289,.F.);
#2551=ORIENTED_EDGE('',*,*,#2533,.F.);
#2552=EDGE_LOOP('',(#2544,#2549,#2550,#2551));
#2553=FACE_OUTER_BOUND('',#2552,.T.);
#2554=DIRECTION('',(0.,-0.5556,0.8315));
#2555=DIRECTION('',(0.,-0.8315,-0.5556));
#2556=AXIS2_PLACEMENT_3D('',#2198,#2554,#2555);
#2557=PLANE('',#2556);
#2558=ADVANCED_FACE('',(#2553),#2557,.T.);
#2559=ORIENTED_EDGE('',*,*,#2366,.T.);
#2560=DIRECTION('',(1.,0.,0.));
#2561=VECTOR('',#2560,38.1);
#2562=LINE('',#2202,#2561);
#2563=EDGE_CURVE('',#2203,#2235,#2562,.T.);
#2564=ORIENTED_EDGE('',*,*,#2563,.T.);
#2565=ORIENTED_EDGE('',*,*,#2294,.F.);
#2566=ORIENTED_EDGE('',*,*,#2548,.F.);
#2567=EDGE_LOOP('',(#2559,#2564,#2565,#2566));
#2568=FACE_OUTER_BOUND('',#2567,.T.);
#2569=DIRECTION('',(0.,-0.8315,0.5556));
#2570=DIRECTION('',(0.,-0.5556,-0.8315));
#2571=AXIS2_PLACEMENT_3D('',#2200,#2569,#2570);
#2572=PLANE('',#2571);
#2573=ADVANCED_FACE('',(#2568),#2572,.T.);
#2574=ORIENTED_EDGE('',*,*,#2361,.T.);
#2575=DIRECTION('',(1.,0.,0.));
#2576=VECTOR('',#2575,38.1);
#2577=LINE('',#2204,#2576);
#2578=EDGE_CURVE('',#2205,#2237,#2577,.T.);
#2579=ORIENTED_EDGE('',*,*,#2578,.T.);
#2580=ORIENTED_EDGE('',*,*,#2299,.F.);
#2581=ORIENTED_EDGE('',*,*,#2563,.F.);
#2582=EDGE_LOOP('',(#2574,#2579,#2580,#2581));
#2583=FACE_OUTER_BOUND('',#2582,.T.);
#2584=DIRECTION('',(0.,-0.9808,0.1951));
#2585=DIRECTION('',(0.,-0.1951,-0.9808));
#2586=AXIS2_PLACEMENT_3D('',#2202,#2584,#2585);
#2587=PLANE('',#2586);
#2588=ADVANCED_FACE('',(#2583),#2587,.T.);
#2589=ORIENTED_EDGE('',*,*,#2356,.T.);
#2590=DIRECTION('',(1.,0.,0.));
#2591=VECTOR('',#2590,38.1);
#2592=LINE('',#2206,#2591);
#2593=EDGE_CURVE('',#2207,#2239,#2592,.T.);
#2594=ORIENTED_EDGE('',*,*,#2593,.T.);
#2595=ORIENTED_EDGE('',*,*,#2304,.F.);
#2596=ORIENTED_EDGE('',*,*,#2578,.F.);
#2597=EDGE_LOOP('',(#2589,#2594,#2595,#2596));
#2598=FACE_OUTER_BOUND('',#2597,.T.);
#2599=DIRECTION('',(0.,-0.9808,-0.1951));
#2600=DIRECTION('',(0.,0.1951,-0.9808));
#2601=AXIS2_PLACEMENT_3D('',#2204,#2599,#2600);
#2602=PLANE('',#2601);
#2603=ADVANCED_FACE('',(#2598),#2602,.T.);
#2604=ORIENTED_EDGE('',*,*,#2351,.T.);
#2605=DIRECTION('',(1.,0.,0.));
#2606=VECTOR('',#2605,38.1);
#2607=LINE('',#2208,#2606);
#2608=EDGE_CURVE('',#2209,#2241,#2607,.T.);
#2609=ORIENTED_EDGE('',*,*,#2608,.T.);
#2610=ORIENTED_EDGE('',*,*,#2309,.F.);
#2611=ORIENTED_EDGE('',*,*,#2593,.F.);
#2612=EDGE_LOOP('',(#2604,#2609,#2610,#2611));
#2613=FACE_OUTER_BOUND('',#2612,.T.);
#2614=DIRECTION('',(0.,-0.8315,-0.5556));
#2615=DIRECTION('',(0.,0.5556,-0.8315));
#2616=AXIS2_PLACEMENT_3D('',#2206,#2614,#2615);
#2617=PLANE('',#2616);
#2618=ADVANCED_FACE('',(#2613),#2617,.T.);
#2619=ORIENTED_EDGE('',*,*,#2346,.T.);
#2620=DIRECTION('',(1.,0.,0.));
#2621=VECTOR('',#2620,38.1);
#2622=LINE('',#2210,#2621);
#2623=EDGE_CURVE('',#2211,#2243,#2622,.T.);
#2624=ORIENTED_EDGE('',*,*,#2623,.T.);
#2625=ORIENTED_EDGE('',*,*,#2314,.F.);
#2626=ORIENTED_EDGE('',*,*,#2608,.F.);
#2627=EDGE_LOOP('',(#2619,#2624,#2625,#2626));
#2628=FACE_OUTER_BOUND('',#2627,.T.);
#2629=DIRECTION('',(0.,-0.5556,-0.8315));
#2630=DIRECTION('',(0.,0.8315,-0.5556));
#2631=AXIS2_PLACEMENT_3D('',#2208,#2629,#2630);
#2632=PLANE('',#2631);
#2633=ADVANCED_FACE('',(#2628),#2632,.T.);
#2634=ORIENTED_EDGE('',*,*,#2341,.T.);
#2635=DIRECTION('',(1.,0.,0.));
#2636=VECTOR('',#2635,38.1);
#2637=LINE('',#2212,#2636);
#2638=EDGE_CURVE('',#2213,#2245,#2637,.T.);
#2639=ORIENTED_EDGE('',*,*,#2638,.T.);
#2640=ORIENTED_EDGE('',*,*,#2319,.F.);
#2641=ORIENTED_EDGE('',*,*,#2623,.F.);
#2642=EDGE_LOOP('',(#2634,#2639,#2640,#2641));
#2643=FACE_OUTER_BOUND('',#2642,.T.);
#2644=DIRECTION('',(0.,-0.1951,-0.9808));
#2645=DIRECTION('',(0.,0.9808,-0.1951));
#2646=AXIS2_PLACEMENT_3D('',#2210,#2644,#2645);
#2647=PLANE('',#2646);
#2648=ADVANCED_FACE('',(#2643),#2647,.T.);
#2649=ORIENTED_EDGE('',*,*,#2336,.F.);
#2650=ORIENTED_EDGE('',*,*,#2430,.T.);
#2651=ORIENTED_EDGE('',*,*,#2324,.T.);
#2652=ORIENTED_EDGE('',*,*,#2638,.F.);
#2653=EDGE_LOOP('',(#2649,#2650,#2651,#2652));
#2654=FACE_OUTER_BOUND('',#2653,.T.);
#2655=DIRECTION('',(0.,0.1951,-0.9808));
#2656=DIRECTION('',(0.,0.9808,0.1951));
#2657=AXIS2_PLACEMENT_3D('',#2212,#2655,#2656);
#2658=PLANE('',#2657);
#2659=ADVANCED_FACE('',(#2654),#2658,.T.);
#2660=CLOSED_SHELL('',(#2332,#2419,#2438,#2453,#2468,#2483,#2498,#2513,#2528,#2543,#2558,#2573,#2588,#2603,#2618,#2633,#2648,#2659));
#2661=MANIFOLD_SOLID_BREP('wheel_-5.5_5.5',#2660);
#2662=COLOUR_RGB('',0.06,0.06,0.07);
#2663=FILL_AREA_STYLE_COLOUR('',#2662);
#2664=FILL_AREA_STYLE('',(#2663));
#2665=SURFACE_STYLE_FILL_AREA(#2664);
#2666=SURFACE_SIDE_STYLE('',(#2665));
#2667=SURFACE_STYLE_USAGE(.BOTH.,#2666);
#2668=PRESENTATION_STYLE_ASSIGNMENT((#2667));
#2669=STYLED_ITEM('color',(#2668),#2661);
#2670=CARTESIAN_POINT('',(-158.75,159.5995,3.9583));
#2671=VERTEX_POINT('',#2670);
#2672=CARTESIAN_POINT('',(-158.75,176.4696,15.2304));
#2673=VERTEX_POINT('',#2672);
#2674=CARTESIAN_POINT('',(-158.75,187.7417,32.1005));
#2675=VERTEX_POINT('',#2674);
#2676=CARTESIAN_POINT('',(-158.75,191.7,52.));
#2677=VERTEX_POINT('',#2676);
#2678=CARTESIAN_POINT('',(-158.75,187.7417,71.8995));
#2679=VERTEX_POINT('',#2678);
#2680=CARTESIAN_POINT('',(-158.75,176.4696,88.7696));
#2681=VERTEX_POINT('',#2680);
#2682=CARTESIAN_POINT('',(-158.75,159.5995,100.0417));
#2683=VERTEX_POINT('',#2682);
#2684=CARTESIAN_POINT('',(-158.75,139.7,104.));
#2685=VERTEX_POINT('',#2684);
#2686=CARTESIAN_POINT('',(-158.75,119.8005,100.0417));
#2687=VERTEX_POINT('',#2686);
#2688=CARTESIAN_POINT('',(-158.75,102.9304,88.7696));
#2689=VERTEX_POINT('',#2688);
#2690=CARTESIAN_POINT('',(-158.75,91.6583,71.8995));
#2691=VERTEX_POINT('',#2690);
#2692=CARTESIAN_POINT('',(-158.75,87.7,52.));
#2693=VERTEX_POINT('',#2692);
#2694=CARTESIAN_POINT('',(-158.75,91.6583,32.1005));
#2695=VERTEX_POINT('',#2694);
#2696=CARTESIAN_POINT('',(-158.75,102.9304,15.2304));
#2697=VERTEX_POINT('',#2696);
#2698=CARTESIAN_POINT('',(-158.75,119.8005,3.9583));
#2699=VERTEX_POINT('',#2698);
#2700=CARTESIAN_POINT('',(-158.75,139.7,0.));
#2701=VERTEX_POINT('',#2700);
#2702=CARTESIAN_POINT('',(-120.65,159.5995,3.9583));
#2703=VERTEX_POINT('',#2702);
#2704=CARTESIAN_POINT('',(-120.65,176.4696,15.2304));
#2705=VERTEX_POINT('',#2704);
#2706=CARTESIAN_POINT('',(-120.65,187.7417,32.1005));
#2707=VERTEX_POINT('',#2706);
#2708=CARTESIAN_POINT('',(-120.65,191.7,52.));
#2709=VERTEX_POINT('',#2708);
#2710=CARTESIAN_POINT('',(-120.65,187.7417,71.8995));
#2711=VERTEX_POINT('',#2710);
#2712=CARTESIAN_POINT('',(-120.65,176.4696,88.7696));
#2713=VERTEX_POINT('',#2712);
#2714=CARTESIAN_POINT('',(-120.65,159.5995,100.0417));
#2715=VERTEX_POINT('',#2714);
#2716=CARTESIAN_POINT('',(-120.65,139.7,104.));
#2717=VERTEX_POINT('',#2716);
#2718=CARTESIAN_POINT('',(-120.65,119.8005,100.0417));
#2719=VERTEX_POINT('',#2718);
#2720=CARTESIAN_POINT('',(-120.65,102.9304,88.7696));
#2721=VERTEX_POINT('',#2720);
#2722=CARTESIAN_POINT('',(-120.65,91.6583,71.8995));
#2723=VERTEX_POINT('',#2722);
#2724=CARTESIAN_POINT('',(-120.65,87.7,52.));
#2725=VERTEX_POINT('',#2724);
#2726=CARTESIAN_POINT('',(-120.65,91.6583,32.1005));
#2727=VERTEX_POINT('',#2726);
#2728=CARTESIAN_POINT('',(-120.65,102.9304,15.2304));
#2729=VERTEX_POINT('',#2728);
#2730=CARTESIAN_POINT('',(-120.65,119.8005,3.9583));
#2731=VERTEX_POINT('',#2730);
#2732=CARTESIAN_POINT('',(-120.65,139.7,0.));
#2733=VERTEX_POINT('',#2732);
#2734=DIRECTION('',(0.,0.8315,0.5556));
#2735=VECTOR('',#2734,20.2894);
#2736=LINE('',#2702,#2735);
#2737=EDGE_CURVE('',#2703,#2705,#2736,.T.);
#2738=ORIENTED_EDGE('',*,*,#2737,.T.);
#2739=DIRECTION('',(0.,0.5556,0.8315));
#2740=VECTOR('',#2739,20.2894);
#2741=LINE('',#2704,#2740);
#2742=EDGE_CURVE('',#2705,#2707,#2741,.T.);
#2743=ORIENTED_EDGE('',*,*,#2742,.T.);
#2744=DIRECTION('',(0.,0.1951,0.9808));
#2745=VECTOR('',#2744,20.2894);
#2746=LINE('',#2706,#2745);
#2747=EDGE_CURVE('',#2707,#2709,#2746,.T.);
#2748=ORIENTED_EDGE('',*,*,#2747,.T.);
#2749=DIRECTION('',(0.,-0.1951,0.9808));
#2750=VECTOR('',#2749,20.2894);
#2751=LINE('',#2708,#2750);
#2752=EDGE_CURVE('',#2709,#2711,#2751,.T.);
#2753=ORIENTED_EDGE('',*,*,#2752,.T.);
#2754=DIRECTION('',(0.,-0.5556,0.8315));
#2755=VECTOR('',#2754,20.2894);
#2756=LINE('',#2710,#2755);
#2757=EDGE_CURVE('',#2711,#2713,#2756,.T.);
#2758=ORIENTED_EDGE('',*,*,#2757,.T.);
#2759=DIRECTION('',(0.,-0.8315,0.5556));
#2760=VECTOR('',#2759,20.2894);
#2761=LINE('',#2712,#2760);
#2762=EDGE_CURVE('',#2713,#2715,#2761,.T.);
#2763=ORIENTED_EDGE('',*,*,#2762,.T.);
#2764=DIRECTION('',(0.,-0.9808,0.1951));
#2765=VECTOR('',#2764,20.2894);
#2766=LINE('',#2714,#2765);
#2767=EDGE_CURVE('',#2715,#2717,#2766,.T.);
#2768=ORIENTED_EDGE('',*,*,#2767,.T.);
#2769=DIRECTION('',(0.,-0.9808,-0.1951));
#2770=VECTOR('',#2769,20.2894);
#2771=LINE('',#2716,#2770);
#2772=EDGE_CURVE('',#2717,#2719,#2771,.T.);
#2773=ORIENTED_EDGE('',*,*,#2772,.T.);
#2774=DIRECTION('',(0.,-0.8315,-0.5556));
#2775=VECTOR('',#2774,20.2894);
#2776=LINE('',#2718,#2775);
#2777=EDGE_CURVE('',#2719,#2721,#2776,.T.);
#2778=ORIENTED_EDGE('',*,*,#2777,.T.);
#2779=DIRECTION('',(0.,-0.5556,-0.8315));
#2780=VECTOR('',#2779,20.2894);
#2781=LINE('',#2720,#2780);
#2782=EDGE_CURVE('',#2721,#2723,#2781,.T.);
#2783=ORIENTED_EDGE('',*,*,#2782,.T.);
#2784=DIRECTION('',(0.,-0.1951,-0.9808));
#2785=VECTOR('',#2784,20.2894);
#2786=LINE('',#2722,#2785);
#2787=EDGE_CURVE('',#2723,#2725,#2786,.T.);
#2788=ORIENTED_EDGE('',*,*,#2787,.T.);
#2789=DIRECTION('',(0.,0.1951,-0.9808));
#2790=VECTOR('',#2789,20.2894);
#2791=LINE('',#2724,#2790);
#2792=EDGE_CURVE('',#2725,#2727,#2791,.T.);
#2793=ORIENTED_EDGE('',*,*,#2792,.T.);
#2794=DIRECTION('',(0.,0.5556,-0.8315));
#2795=VECTOR('',#2794,20.2894);
#2796=LINE('',#2726,#2795);
#2797=EDGE_CURVE('',#2727,#2729,#2796,.T.);
#2798=ORIENTED_EDGE('',*,*,#2797,.T.);
#2799=DIRECTION('',(0.,0.8315,-0.5556));
#2800=VECTOR('',#2799,20.2894);
#2801=LINE('',#2728,#2800);
#2802=EDGE_CURVE('',#2729,#2731,#2801,.T.);
#2803=ORIENTED_EDGE('',*,*,#2802,.T.);
#2804=DIRECTION('',(0.,0.9808,-0.1951));
#2805=VECTOR('',#2804,20.2894);
#2806=LINE('',#2730,#2805);
#2807=EDGE_CURVE('',#2731,#2733,#2806,.T.);
#2808=ORIENTED_EDGE('',*,*,#2807,.T.);
#2809=DIRECTION('',(0.,-0.9808,-0.1951));
#2810=VECTOR('',#2809,20.2894);
#2811=LINE('',#2702,#2810);
#2812=EDGE_CURVE('',#2703,#2733,#2811,.T.);
#2813=ORIENTED_EDGE('',*,*,#2812,.F.);
#2814=EDGE_LOOP('',(#2738,#2743,#2748,#2753,#2758,#2763,#2768,#2773,#2778,#2783,#2788,#2793,#2798,#2803,#2808,#2813));
#2815=FACE_OUTER_BOUND('',#2814,.T.);
#2816=DIRECTION('',(1.,0.,0.));
#2817=DIRECTION('',(0.,0.8315,0.5556));
#2818=AXIS2_PLACEMENT_3D('',#2702,#2816,#2817);
#2819=PLANE('',#2818);
#2820=ADVANCED_FACE('',(#2815),#2819,.T.);
#2821=DIRECTION('',(0.,-0.9808,-0.1951));
#2822=VECTOR('',#2821,20.2894);
#2823=LINE('',#2670,#2822);
#2824=EDGE_CURVE('',#2671,#2701,#2823,.T.);
#2825=ORIENTED_EDGE('',*,*,#2824,.T.);
#2826=DIRECTION('',(0.,0.9808,-0.1951));
#2827=VECTOR('',#2826,20.2894);
#2828=LINE('',#2698,#2827);
#2829=EDGE_CURVE('',#2699,#2701,#2828,.T.);
#2830=ORIENTED_EDGE('',*,*,#2829,.F.);
#2831=DIRECTION('',(0.,0.8315,-0.5556));
#2832=VECTOR('',#2831,20.2894);
#2833=LINE('',#2696,#2832);
#2834=EDGE_CURVE('',#2697,#2699,#2833,.T.);
#2835=ORIENTED_EDGE('',*,*,#2834,.F.);
#2836=DIRECTION('',(0.,0.5556,-0.8315));
#2837=VECTOR('',#2836,20.2894);
#2838=LINE('',#2694,#2837);
#2839=EDGE_CURVE('',#2695,#2697,#2838,.T.);
#2840=ORIENTED_EDGE('',*,*,#2839,.F.);
#2841=DIRECTION('',(0.,0.1951,-0.9808));
#2842=VECTOR('',#2841,20.2894);
#2843=LINE('',#2692,#2842);
#2844=EDGE_CURVE('',#2693,#2695,#2843,.T.);
#2845=ORIENTED_EDGE('',*,*,#2844,.F.);
#2846=DIRECTION('',(0.,-0.1951,-0.9808));
#2847=VECTOR('',#2846,20.2894);
#2848=LINE('',#2690,#2847);
#2849=EDGE_CURVE('',#2691,#2693,#2848,.T.);
#2850=ORIENTED_EDGE('',*,*,#2849,.F.);
#2851=DIRECTION('',(0.,-0.5556,-0.8315));
#2852=VECTOR('',#2851,20.2894);
#2853=LINE('',#2688,#2852);
#2854=EDGE_CURVE('',#2689,#2691,#2853,.T.);
#2855=ORIENTED_EDGE('',*,*,#2854,.F.);
#2856=DIRECTION('',(0.,-0.8315,-0.5556));
#2857=VECTOR('',#2856,20.2894);
#2858=LINE('',#2686,#2857);
#2859=EDGE_CURVE('',#2687,#2689,#2858,.T.);
#2860=ORIENTED_EDGE('',*,*,#2859,.F.);
#2861=DIRECTION('',(0.,-0.9808,-0.1951));
#2862=VECTOR('',#2861,20.2894);
#2863=LINE('',#2684,#2862);
#2864=EDGE_CURVE('',#2685,#2687,#2863,.T.);
#2865=ORIENTED_EDGE('',*,*,#2864,.F.);
#2866=DIRECTION('',(0.,-0.9808,0.1951));
#2867=VECTOR('',#2866,20.2894);
#2868=LINE('',#2682,#2867);
#2869=EDGE_CURVE('',#2683,#2685,#2868,.T.);
#2870=ORIENTED_EDGE('',*,*,#2869,.F.);
#2871=DIRECTION('',(0.,-0.8315,0.5556));
#2872=VECTOR('',#2871,20.2894);
#2873=LINE('',#2680,#2872);
#2874=EDGE_CURVE('',#2681,#2683,#2873,.T.);
#2875=ORIENTED_EDGE('',*,*,#2874,.F.);
#2876=DIRECTION('',(0.,-0.5556,0.8315));
#2877=VECTOR('',#2876,20.2894);
#2878=LINE('',#2678,#2877);
#2879=EDGE_CURVE('',#2679,#2681,#2878,.T.);
#2880=ORIENTED_EDGE('',*,*,#2879,.F.);
#2881=DIRECTION('',(0.,-0.1951,0.9808));
#2882=VECTOR('',#2881,20.2894);
#2883=LINE('',#2676,#2882);
#2884=EDGE_CURVE('',#2677,#2679,#2883,.T.);
#2885=ORIENTED_EDGE('',*,*,#2884,.F.);
#2886=DIRECTION('',(0.,0.1951,0.9808));
#2887=VECTOR('',#2886,20.2894);
#2888=LINE('',#2674,#2887);
#2889=EDGE_CURVE('',#2675,#2677,#2888,.T.);
#2890=ORIENTED_EDGE('',*,*,#2889,.F.);
#2891=DIRECTION('',(0.,0.5556,0.8315));
#2892=VECTOR('',#2891,20.2894);
#2893=LINE('',#2672,#2892);
#2894=EDGE_CURVE('',#2673,#2675,#2893,.T.);
#2895=ORIENTED_EDGE('',*,*,#2894,.F.);
#2896=DIRECTION('',(0.,0.8315,0.5556));
#2897=VECTOR('',#2896,20.2894);
#2898=LINE('',#2670,#2897);
#2899=EDGE_CURVE('',#2671,#2673,#2898,.T.);
#2900=ORIENTED_EDGE('',*,*,#2899,.F.);
#2901=EDGE_LOOP('',(#2825,#2830,#2835,#2840,#2845,#2850,#2855,#2860,#2865,#2870,#2875,#2880,#2885,#2890,#2895,#2900));
#2902=FACE_OUTER_BOUND('',#2901,.T.);
#2903=DIRECTION('',(-1.,0.,0.));
#2904=DIRECTION('',(0.,-0.9808,-0.1951));
#2905=AXIS2_PLACEMENT_3D('',#2670,#2903,#2904);
#2906=PLANE('',#2905);
#2907=ADVANCED_FACE('',(#2902),#2906,.T.);
#2908=ORIENTED_EDGE('',*,*,#2899,.T.);
#2909=DIRECTION('',(1.,0.,0.));
#2910=VECTOR('',#2909,38.1);
#2911=LINE('',#2672,#2910);
#2912=EDGE_CURVE('',#2673,#2705,#2911,.T.);
#2913=ORIENTED_EDGE('',*,*,#2912,.T.);
#2914=ORIENTED_EDGE('',*,*,#2737,.F.);
#2915=DIRECTION('',(1.,0.,0.));
#2916=VECTOR('',#2915,38.1);
#2917=LINE('',#2670,#2916);
#2918=EDGE_CURVE('',#2671,#2703,#2917,.T.);
#2919=ORIENTED_EDGE('',*,*,#2918,.F.);
#2920=EDGE_LOOP('',(#2908,#2913,#2914,#2919));
#2921=FACE_OUTER_BOUND('',#2920,.T.);
#2922=DIRECTION('',(0.,0.5556,-0.8315));
#2923=DIRECTION('',(0.,0.8315,0.5556));
#2924=AXIS2_PLACEMENT_3D('',#2670,#2922,#2923);
#2925=PLANE('',#2924);
#2926=ADVANCED_FACE('',(#2921),#2925,.T.);
#2927=ORIENTED_EDGE('',*,*,#2894,.T.);
#2928=DIRECTION('',(1.,0.,0.));
#2929=VECTOR('',#2928,38.1);
#2930=LINE('',#2674,#2929);
#2931=EDGE_CURVE('',#2675,#2707,#2930,.T.);
#2932=ORIENTED_EDGE('',*,*,#2931,.T.);
#2933=ORIENTED_EDGE('',*,*,#2742,.F.);
#2934=ORIENTED_EDGE('',*,*,#2912,.F.);
#2935=EDGE_LOOP('',(#2927,#2932,#2933,#2934));
#2936=FACE_OUTER_BOUND('',#2935,.T.);
#2937=DIRECTION('',(0.,0.8315,-0.5556));
#2938=DIRECTION('',(0.,0.5556,0.8315));
#2939=AXIS2_PLACEMENT_3D('',#2672,#2937,#2938);
#2940=PLANE('',#2939);
#2941=ADVANCED_FACE('',(#2936),#2940,.T.);
#2942=ORIENTED_EDGE('',*,*,#2889,.T.);
#2943=DIRECTION('',(1.,0.,0.));
#2944=VECTOR('',#2943,38.1);
#2945=LINE('',#2676,#2944);
#2946=EDGE_CURVE('',#2677,#2709,#2945,.T.);
#2947=ORIENTED_EDGE('',*,*,#2946,.T.);
#2948=ORIENTED_EDGE('',*,*,#2747,.F.);
#2949=ORIENTED_EDGE('',*,*,#2931,.F.);
#2950=EDGE_LOOP('',(#2942,#2947,#2948,#2949));
#2951=FACE_OUTER_BOUND('',#2950,.T.);
#2952=DIRECTION('',(0.,0.9808,-0.1951));
#2953=DIRECTION('',(0.,0.1951,0.9808));
#2954=AXIS2_PLACEMENT_3D('',#2674,#2952,#2953);
#2955=PLANE('',#2954);
#2956=ADVANCED_FACE('',(#2951),#2955,.T.);
#2957=ORIENTED_EDGE('',*,*,#2884,.T.);
#2958=DIRECTION('',(1.,0.,0.));
#2959=VECTOR('',#2958,38.1);
#2960=LINE('',#2678,#2959);
#2961=EDGE_CURVE('',#2679,#2711,#2960,.T.);
#2962=ORIENTED_EDGE('',*,*,#2961,.T.);
#2963=ORIENTED_EDGE('',*,*,#2752,.F.);
#2964=ORIENTED_EDGE('',*,*,#2946,.F.);
#2965=EDGE_LOOP('',(#2957,#2962,#2963,#2964));
#2966=FACE_OUTER_BOUND('',#2965,.T.);
#2967=DIRECTION('',(0.,0.9808,0.1951));
#2968=DIRECTION('',(0.,-0.1951,0.9808));
#2969=AXIS2_PLACEMENT_3D('',#2676,#2967,#2968);
#2970=PLANE('',#2969);
#2971=ADVANCED_FACE('',(#2966),#2970,.T.);
#2972=ORIENTED_EDGE('',*,*,#2879,.T.);
#2973=DIRECTION('',(1.,0.,0.));
#2974=VECTOR('',#2973,38.1);
#2975=LINE('',#2680,#2974);
#2976=EDGE_CURVE('',#2681,#2713,#2975,.T.);
#2977=ORIENTED_EDGE('',*,*,#2976,.T.);
#2978=ORIENTED_EDGE('',*,*,#2757,.F.);
#2979=ORIENTED_EDGE('',*,*,#2961,.F.);
#2980=EDGE_LOOP('',(#2972,#2977,#2978,#2979));
#2981=FACE_OUTER_BOUND('',#2980,.T.);
#2982=DIRECTION('',(0.,0.8315,0.5556));
#2983=DIRECTION('',(0.,-0.5556,0.8315));
#2984=AXIS2_PLACEMENT_3D('',#2678,#2982,#2983);
#2985=PLANE('',#2984);
#2986=ADVANCED_FACE('',(#2981),#2985,.T.);
#2987=ORIENTED_EDGE('',*,*,#2874,.T.);
#2988=DIRECTION('',(1.,0.,0.));
#2989=VECTOR('',#2988,38.1);
#2990=LINE('',#2682,#2989);
#2991=EDGE_CURVE('',#2683,#2715,#2990,.T.);
#2992=ORIENTED_EDGE('',*,*,#2991,.T.);
#2993=ORIENTED_EDGE('',*,*,#2762,.F.);
#2994=ORIENTED_EDGE('',*,*,#2976,.F.);
#2995=EDGE_LOOP('',(#2987,#2992,#2993,#2994));
#2996=FACE_OUTER_BOUND('',#2995,.T.);
#2997=DIRECTION('',(0.,0.5556,0.8315));
#2998=DIRECTION('',(0.,-0.8315,0.5556));
#2999=AXIS2_PLACEMENT_3D('',#2680,#2997,#2998);
#3000=PLANE('',#2999);
#3001=ADVANCED_FACE('',(#2996),#3000,.T.);
#3002=ORIENTED_EDGE('',*,*,#2869,.T.);
#3003=DIRECTION('',(1.,0.,0.));
#3004=VECTOR('',#3003,38.1);
#3005=LINE('',#2684,#3004);
#3006=EDGE_CURVE('',#2685,#2717,#3005,.T.);
#3007=ORIENTED_EDGE('',*,*,#3006,.T.);
#3008=ORIENTED_EDGE('',*,*,#2767,.F.);
#3009=ORIENTED_EDGE('',*,*,#2991,.F.);
#3010=EDGE_LOOP('',(#3002,#3007,#3008,#3009));
#3011=FACE_OUTER_BOUND('',#3010,.T.);
#3012=DIRECTION('',(0.,0.1951,0.9808));
#3013=DIRECTION('',(0.,-0.9808,0.1951));
#3014=AXIS2_PLACEMENT_3D('',#2682,#3012,#3013);
#3015=PLANE('',#3014);
#3016=ADVANCED_FACE('',(#3011),#3015,.T.);
#3017=ORIENTED_EDGE('',*,*,#2864,.T.);
#3018=DIRECTION('',(1.,0.,0.));
#3019=VECTOR('',#3018,38.1);
#3020=LINE('',#2686,#3019);
#3021=EDGE_CURVE('',#2687,#2719,#3020,.T.);
#3022=ORIENTED_EDGE('',*,*,#3021,.T.);
#3023=ORIENTED_EDGE('',*,*,#2772,.F.);
#3024=ORIENTED_EDGE('',*,*,#3006,.F.);
#3025=EDGE_LOOP('',(#3017,#3022,#3023,#3024));
#3026=FACE_OUTER_BOUND('',#3025,.T.);
#3027=DIRECTION('',(0.,-0.1951,0.9808));
#3028=DIRECTION('',(0.,-0.9808,-0.1951));
#3029=AXIS2_PLACEMENT_3D('',#2684,#3027,#3028);
#3030=PLANE('',#3029);
#3031=ADVANCED_FACE('',(#3026),#3030,.T.);
#3032=ORIENTED_EDGE('',*,*,#2859,.T.);
#3033=DIRECTION('',(1.,0.,0.));
#3034=VECTOR('',#3033,38.1);
#3035=LINE('',#2688,#3034);
#3036=EDGE_CURVE('',#2689,#2721,#3035,.T.);
#3037=ORIENTED_EDGE('',*,*,#3036,.T.);
#3038=ORIENTED_EDGE('',*,*,#2777,.F.);
#3039=ORIENTED_EDGE('',*,*,#3021,.F.);
#3040=EDGE_LOOP('',(#3032,#3037,#3038,#3039));
#3041=FACE_OUTER_BOUND('',#3040,.T.);
#3042=DIRECTION('',(0.,-0.5556,0.8315));
#3043=DIRECTION('',(0.,-0.8315,-0.5556));
#3044=AXIS2_PLACEMENT_3D('',#2686,#3042,#3043);
#3045=PLANE('',#3044);
#3046=ADVANCED_FACE('',(#3041),#3045,.T.);
#3047=ORIENTED_EDGE('',*,*,#2854,.T.);
#3048=DIRECTION('',(1.,0.,0.));
#3049=VECTOR('',#3048,38.1);
#3050=LINE('',#2690,#3049);
#3051=EDGE_CURVE('',#2691,#2723,#3050,.T.);
#3052=ORIENTED_EDGE('',*,*,#3051,.T.);
#3053=ORIENTED_EDGE('',*,*,#2782,.F.);
#3054=ORIENTED_EDGE('',*,*,#3036,.F.);
#3055=EDGE_LOOP('',(#3047,#3052,#3053,#3054));
#3056=FACE_OUTER_BOUND('',#3055,.T.);
#3057=DIRECTION('',(0.,-0.8315,0.5556));
#3058=DIRECTION('',(0.,-0.5556,-0.8315));
#3059=AXIS2_PLACEMENT_3D('',#2688,#3057,#3058);
#3060=PLANE('',#3059);
#3061=ADVANCED_FACE('',(#3056),#3060,.T.);
#3062=ORIENTED_EDGE('',*,*,#2849,.T.);
#3063=DIRECTION('',(1.,0.,0.));
#3064=VECTOR('',#3063,38.1);
#3065=LINE('',#2692,#3064);
#3066=EDGE_CURVE('',#2693,#2725,#3065,.T.);
#3067=ORIENTED_EDGE('',*,*,#3066,.T.);
#3068=ORIENTED_EDGE('',*,*,#2787,.F.);
#3069=ORIENTED_EDGE('',*,*,#3051,.F.);
#3070=EDGE_LOOP('',(#3062,#3067,#3068,#3069));
#3071=FACE_OUTER_BOUND('',#3070,.T.);
#3072=DIRECTION('',(0.,-0.9808,0.1951));
#3073=DIRECTION('',(0.,-0.1951,-0.9808));
#3074=AXIS2_PLACEMENT_3D('',#2690,#3072,#3073);
#3075=PLANE('',#3074);
#3076=ADVANCED_FACE('',(#3071),#3075,.T.);
#3077=ORIENTED_EDGE('',*,*,#2844,.T.);
#3078=DIRECTION('',(1.,0.,0.));
#3079=VECTOR('',#3078,38.1);
#3080=LINE('',#2694,#3079);
#3081=EDGE_CURVE('',#2695,#2727,#3080,.T.);
#3082=ORIENTED_EDGE('',*,*,#3081,.T.);
#3083=ORIENTED_EDGE('',*,*,#2792,.F.);
#3084=ORIENTED_EDGE('',*,*,#3066,.F.);
#3085=EDGE_LOOP('',(#3077,#3082,#3083,#3084));
#3086=FACE_OUTER_BOUND('',#3085,.T.);
#3087=DIRECTION('',(0.,-0.9808,-0.1951));
#3088=DIRECTION('',(0.,0.1951,-0.9808));
#3089=AXIS2_PLACEMENT_3D('',#2692,#3087,#3088);
#3090=PLANE('',#3089);
#3091=ADVANCED_FACE('',(#3086),#3090,.T.);
#3092=ORIENTED_EDGE('',*,*,#2839,.T.);
#3093=DIRECTION('',(1.,0.,0.));
#3094=VECTOR('',#3093,38.1);
#3095=LINE('',#2696,#3094);
#3096=EDGE_CURVE('',#2697,#2729,#3095,.T.);
#3097=ORIENTED_EDGE('',*,*,#3096,.T.);
#3098=ORIENTED_EDGE('',*,*,#2797,.F.);
#3099=ORIENTED_EDGE('',*,*,#3081,.F.);
#3100=EDGE_LOOP('',(#3092,#3097,#3098,#3099));
#3101=FACE_OUTER_BOUND('',#3100,.T.);
#3102=DIRECTION('',(0.,-0.8315,-0.5556));
#3103=DIRECTION('',(0.,0.5556,-0.8315));
#3104=AXIS2_PLACEMENT_3D('',#2694,#3102,#3103);
#3105=PLANE('',#3104);
#3106=ADVANCED_FACE('',(#3101),#3105,.T.);
#3107=ORIENTED_EDGE('',*,*,#2834,.T.);
#3108=DIRECTION('',(1.,0.,0.));
#3109=VECTOR('',#3108,38.1);
#3110=LINE('',#2698,#3109);
#3111=EDGE_CURVE('',#2699,#2731,#3110,.T.);
#3112=ORIENTED_EDGE('',*,*,#3111,.T.);
#3113=ORIENTED_EDGE('',*,*,#2802,.F.);
#3114=ORIENTED_EDGE('',*,*,#3096,.F.);
#3115=EDGE_LOOP('',(#3107,#3112,#3113,#3114));
#3116=FACE_OUTER_BOUND('',#3115,.T.);
#3117=DIRECTION('',(0.,-0.5556,-0.8315));
#3118=DIRECTION('',(0.,0.8315,-0.5556));
#3119=AXIS2_PLACEMENT_3D('',#2696,#3117,#3118);
#3120=PLANE('',#3119);
#3121=ADVANCED_FACE('',(#3116),#3120,.T.);
#3122=ORIENTED_EDGE('',*,*,#2829,.T.);
#3123=DIRECTION('',(1.,0.,0.));
#3124=VECTOR('',#3123,38.1);
#3125=LINE('',#2700,#3124);
#3126=EDGE_CURVE('',#2701,#2733,#3125,.T.);
#3127=ORIENTED_EDGE('',*,*,#3126,.T.);
#3128=ORIENTED_EDGE('',*,*,#2807,.F.);
#3129=ORIENTED_EDGE('',*,*,#3111,.F.);
#3130=EDGE_LOOP('',(#3122,#3127,#3128,#3129));
#3131=FACE_OUTER_BOUND('',#3130,.T.);
#3132=DIRECTION('',(0.,-0.1951,-0.9808));
#3133=DIRECTION('',(0.,0.9808,-0.1951));
#3134=AXIS2_PLACEMENT_3D('',#2698,#3132,#3133);
#3135=PLANE('',#3134);
#3136=ADVANCED_FACE('',(#3131),#3135,.T.);
#3137=ORIENTED_EDGE('',*,*,#2824,.F.);
#3138=ORIENTED_EDGE('',*,*,#2918,.T.);
#3139=ORIENTED_EDGE('',*,*,#2812,.T.);
#3140=ORIENTED_EDGE('',*,*,#3126,.F.);
#3141=EDGE_LOOP('',(#3137,#3138,#3139,#3140));
#3142=FACE_OUTER_BOUND('',#3141,.T.);
#3143=DIRECTION('',(0.,0.1951,-0.9808));
#3144=DIRECTION('',(0.,0.9808,0.1951));
#3145=AXIS2_PLACEMENT_3D('',#2700,#3143,#3144);
#3146=PLANE('',#3145);
#3147=ADVANCED_FACE('',(#3142),#3146,.T.);
#3148=CLOSED_SHELL('',(#2820,#2907,#2926,#2941,#2956,#2971,#2986,#3001,#3016,#3031,#3046,#3061,#3076,#3091,#3106,#3121,#3136,#3147));
#3149=MANIFOLD_SOLID_BREP('wheel_-5.5_-5.5',#3148);
#3150=COLOUR_RGB('',0.06,0.06,0.07);
#3151=FILL_AREA_STYLE_COLOUR('',#3150);
#3152=FILL_AREA_STYLE('',(#3151));
#3153=SURFACE_STYLE_FILL_AREA(#3152);
#3154=SURFACE_SIDE_STYLE('',(#3153));
#3155=SURFACE_STYLE_USAGE(.BOTH.,#3154);
#3156=PRESENTATION_STYLE_ASSIGNMENT((#3155));
#3157=STYLED_ITEM('color',(#3156),#3149);
#3158=ADVANCED_BREP_SHAPE_REPRESENTATION('',(#17,#149,#289,#429,#569,#1057,#1197,#1685,#2173,#2661,#3149),#13);
#3159=SHAPE_DEFINITION_REPRESENTATION(#8,#3158);
#3160=MECHANICAL_DESIGN_GEOMETRIC_PRESENTATION_REPRESENTATION('',(#157,#297,#437,#577,#1065,#1205,#1693,#2181,#2669,#3157),#13);
ENDSEC;
END-ISO-10303-21;
